PyGtVF@gmail.com,DELETE,2024-09-19 13:38:10
BLHFd@ya.ru,DELETE,2024-09-19 05:36:07
lHjcR@ya.ru,READ,2024-09-19 08:48:55
PyGtVF@gmail.com,UPDATE,2024-09-19 22:33:58
JQIQXiKY@ya.ru,CREATE,2024-09-19 01:43:54
PyGtVF@gmail.com,DELETE,2024-09-19 11:17:41
lHjcR@ya.ru,READ,2024-09-19 16:44:02
vqEZJHoXTQEn@gmail.com,DELETE,2024-09-19 18:49:07
qqGwUdmEMl@mail.ru,CREATE,2024-09-19 05:59:31
qqGwUdmEMl@mail.ru,CREATE,2024-09-19 17:12:31
JQIQXiKY@ya.ru,UPDATE,2024-09-19 02:46:38
ioFEDePcH@ya.ru,CREATE,2024-09-19 11:27:05
ioFEDePcH@ya.ru,DELETE,2024-09-19 19:52:53
PyGtVF@gmail.com,UPDATE,2024-09-19 17:50:00
qqGwUdmEMl@mail.ru,CREATE,2024-09-19 08:15:19
zSfQCVUpMOsvtX@mail.ru,CREATE,2024-09-19 04:08:28
ioFEDePcH@ya.ru,DELETE,2024-09-19 12:15:26
BLHFd@ya.ru,READ,2024-09-19 22:38:49
vqEZJHoXTQEn@gmail.com,CREATE,2024-09-19 04:32:40
vqEZJHoXTQEn@gmail.com,DELETE,2024-09-19 11:15:41
qqGwUdmEMl@mail.ru,UPDATE,2024-09-19 23:08:42
vqEZJHoXTQEn@gmail.com,DELETE,2024-09-19 22:20:41
zSfQCVUpMOsvtX@mail.ru,UPDATE,2024-09-19 23:35:38
vqEZJHoXTQEn@gmail.com,UPDATE,2024-09-19 23:47:43
oAbIL@mail.ru,UPDATE,2024-09-19 21:29:16
vZtnzh@gmail.com,READ,2024-09-19 06:21:15
vZtnzh@gmail.com,DELETE,2024-09-19 21:54:49
zSfQCVUpMOsvtX@mail.ru,CREATE,2024-09-19 11:25:59
vZtnzh@gmail.com,READ,2024-09-19 23:17:48
qqGwUdmEMl@mail.ru,UPDATE,2024-09-19 09:34:23
zSfQCVUpMOsvtX@mail.ru,CREATE,2024-09-19 00:14:03
qqGwUdmEMl@mail.ru,DELETE,2024-09-19 18:00:25
PyGtVF@gmail.com,UPDATE,2024-09-19 14:03:56
BLHFd@ya.ru,READ,2024-09-19 16:30:24
lHjcR@ya.ru,CREATE,2024-09-19 10:48:06
oAbIL@mail.ru,READ,2024-09-19 11:20:21
oAbIL@mail.ru,READ,2024-09-19 14:21:07
qqGwUdmEMl@mail.ru,DELETE,2024-09-19 15:17:52
vqEZJHoXTQEn@gmail.com,CREATE,2024-09-19 22:03:29
PyGtVF@gmail.com,READ,2024-09-19 14:30:50
lHjcR@ya.ru,DELETE,2024-09-19 05:36:04
lHjcR@ya.ru,UPDATE,2024-09-19 23:44:24
qqGwUdmEMl@mail.ru,UPDATE,2024-09-19 13:34:09
lHjcR@ya.ru,DELETE,2024-09-19 20:05:19
oAbIL@mail.ru,UPDATE,2024-09-19 12:00:27
lHjcR@ya.ru,UPDATE,2024-09-19 16:42:21
vZtnzh@gmail.com,READ,2024-09-19 23:16:44
JQIQXiKY@ya.ru,DELETE,2024-09-19 16:49:22
oAbIL@mail.ru,DELETE,2024-09-19 11:10:17
oAbIL@mail.ru,CREATE,2024-09-19 00:05:23
ioFEDePcH@ya.ru,UPDATE,2024-09-19 04:00:47
vqEZJHoXTQEn@gmail.com,CREATE,2024-09-19 13:36:21
PyGtVF@gmail.com,DELETE,2024-09-19 15:30:59
JQIQXiKY@ya.ru,READ,2024-09-19 15:46:07
oAbIL@mail.ru,DELETE,2024-09-19 21:38:05
zSfQCVUpMOsvtX@mail.ru,CREATE,2024-09-19 23:21:17
lHjcR@ya.ru,READ,2024-09-19 14:38:40
vqEZJHoXTQEn@gmail.com,CREATE,2024-09-19 15:53:23
ioFEDePcH@ya.ru,UPDATE,2024-09-19 13:26:12
JQIQXiKY@ya.ru,READ,2024-09-19 12:17:32
BLHFd@ya.ru,READ,2024-09-19 08:20:35
BLHFd@ya.ru,DELETE,2024-09-19 04:20:03
lHjcR@ya.ru,CREATE,2024-09-19 10:58:49
lHjcR@ya.ru,UPDATE,2024-09-19 00:28:17
vZtnzh@gmail.com,UPDATE,2024-09-19 13:09:30
lHjcR@ya.ru,DELETE,2024-09-19 13:41:36
zSfQCVUpMOsvtX@mail.ru,UPDATE,2024-09-19 03:55:42
vqEZJHoXTQEn@gmail.com,CREATE,2024-09-19 11:15:59
oAbIL@mail.ru,READ,2024-09-19 01:06:56
vqEZJHoXTQEn@gmail.com,DELETE,2024-09-19 10:02:57
vZtnzh@gmail.com,CREATE,2024-09-19 19:25:01
BLHFd@ya.ru,UPDATE,2024-09-19 18:08:09
BLHFd@ya.ru,CREATE,2024-09-19 01:41:11
oAbIL@mail.ru,READ,2024-09-19 14:23:35
BLHFd@ya.ru,CREATE,2024-09-19 10:32:52
vqEZJHoXTQEn@gmail.com,CREATE,2024-09-19 19:06:10
vZtnzh@gmail.com,DELETE,2024-09-19 03:54:09
vZtnzh@gmail.com,READ,2024-09-19 12:52:41
qqGwUdmEMl@mail.ru,CREATE,2024-09-19 22:58:41
lHjcR@ya.ru,READ,2024-09-19 17:51:36
qqGwUdmEMl@mail.ru,READ,2024-09-19 06:57:03
vqEZJHoXTQEn@gmail.com,UPDATE,2024-09-19 21:52:57
vqEZJHoXTQEn@gmail.com,UPDATE,2024-09-19 22:26:16
PyGtVF@gmail.com,DELETE,2024-09-19 12:00:35
vqEZJHoXTQEn@gmail.com,DELETE,2024-09-19 23:10:55
JQIQXiKY@ya.ru,DELETE,2024-09-19 08:49:42
ioFEDePcH@ya.ru,UPDATE,2024-09-19 09:42:34
JQIQXiKY@ya.ru,DELETE,2024-09-19 20:12:00
vZtnzh@gmail.com,UPDATE,2024-09-19 20:31:24
qqGwUdmEMl@mail.ru,DELETE,2024-09-19 04:46:48
ioFEDePcH@ya.ru,READ,2024-09-19 22:44:37
qqGwUdmEMl@mail.ru,DELETE,2024-09-19 08:36:02
qqGwUdmEMl@mail.ru,READ,2024-09-19 01:15:56
vqEZJHoXTQEn@gmail.com,UPDATE,2024-09-19 15:55:28
JQIQXiKY@ya.ru,CREATE,2024-09-19 09:18:35
JQIQXiKY@ya.ru,CREATE,2024-09-19 04:52:32
qqGwUdmEMl@mail.ru,UPDATE,2024-09-19 07:20:45
JQIQXiKY@ya.ru,DELETE,2024-09-19 14:07:33
BLHFd@ya.ru,CREATE,2024-09-19 16:57:39
PyGtVF@gmail.com,READ,2024-09-19 14:44:06
ioFEDePcH@ya.ru,READ,2024-09-19 20:56:19
zSfQCVUpMOsvtX@mail.ru,UPDATE,2024-09-19 23:57:47
oAbIL@mail.ru,CREATE,2024-09-19 18:01:42
JQIQXiKY@ya.ru,UPDATE,2024-09-19 02:17:14
vZtnzh@gmail.com,UPDATE,2024-09-19 22:58:16
lHjcR@ya.ru,DELETE,2024-09-19 06:58:41
JQIQXiKY@ya.ru,UPDATE,2024-09-19 17:22:10
vZtnzh@gmail.com,DELETE,2024-09-19 23:44:56
ioFEDePcH@ya.ru,UPDATE,2024-09-19 23:33:46
BLHFd@ya.ru,DELETE,2024-09-19 19:33:17
oAbIL@mail.ru,CREATE,2024-09-19 01:38:17
vZtnzh@gmail.com,DELETE,2024-09-19 08:12:14
qqGwUdmEMl@mail.ru,UPDATE,2024-09-19 06:05:04
lHjcR@ya.ru,READ,2024-09-19 14:19:28
PyGtVF@gmail.com,DELETE,2024-09-19 22:40:22
ioFEDePcH@ya.ru,READ,2024-09-19 00:40:20
JQIQXiKY@ya.ru,CREATE,2024-09-19 15:49:06
zSfQCVUpMOsvtX@mail.ru,CREATE,2024-09-19 05:46:26
BLHFd@ya.ru,DELETE,2024-09-19 11:26:34
BLHFd@ya.ru,DELETE,2024-09-19 18:46:53
vqEZJHoXTQEn@gmail.com,DELETE,2024-09-19 22:23:05
lHjcR@ya.ru,DELETE,2024-09-19 22:01:07
JQIQXiKY@ya.ru,CREATE,2024-09-19 21:14:35
vqEZJHoXTQEn@gmail.com,CREATE,2024-09-19 04:14:22
JQIQXiKY@ya.ru,READ,2024-09-19 21:54:08
lHjcR@ya.ru,CREATE,2024-09-19 20:15:41
JQIQXiKY@ya.ru,CREATE,2024-09-19 09:10:20
BLHFd@ya.ru,CREATE,2024-09-19 00:22:11
lHjcR@ya.ru,DELETE,2024-09-19 16:28:59
BLHFd@ya.ru,CREATE,2024-09-19 11:06:34
oAbIL@mail.ru,DELETE,2024-09-19 03:21:13
JQIQXiKY@ya.ru,CREATE,2024-09-19 01:46:31
ioFEDePcH@ya.ru,UPDATE,2024-09-19 16:14:17
qqGwUdmEMl@mail.ru,CREATE,2024-09-19 03:14:08
vqEZJHoXTQEn@gmail.com,CREATE,2024-09-19 04:29:12
oAbIL@mail.ru,CREATE,2024-09-19 03:41:21
JQIQXiKY@ya.ru,DELETE,2024-09-19 04:29:34
qqGwUdmEMl@mail.ru,UPDATE,2024-09-19 03:33:29
lHjcR@ya.ru,DELETE,2024-09-19 18:04:23
qqGwUdmEMl@mail.ru,UPDATE,2024-09-19 06:57:38
vqEZJHoXTQEn@gmail.com,READ,2024-09-19 22:10:52
ioFEDePcH@ya.ru,UPDATE,2024-09-19 02:43:26
qqGwUdmEMl@mail.ru,DELETE,2024-09-19 14:44:23
lHjcR@ya.ru,CREATE,2024-09-19 16:52:05
ioFEDePcH@ya.ru,CREATE,2024-09-19 17:14:22
BLHFd@ya.ru,DELETE,2024-09-19 13:39:00
lHjcR@ya.ru,CREATE,2024-09-19 14:32:16
vZtnzh@gmail.com,UPDATE,2024-09-19 09:22:35
vqEZJHoXTQEn@gmail.com,UPDATE,2024-09-19 16:30:56
BLHFd@ya.ru,UPDATE,2024-09-19 13:04:29
zSfQCVUpMOsvtX@mail.ru,UPDATE,2024-09-19 03:53:11
JQIQXiKY@ya.ru,UPDATE,2024-09-19 01:34:03
zSfQCVUpMOsvtX@mail.ru,DELETE,2024-09-19 21:49:36
vZtnzh@gmail.com,CREATE,2024-09-19 19:33:15
oAbIL@mail.ru,READ,2024-09-19 19:11:41
PyGtVF@gmail.com,DELETE,2024-09-19 11:51:08
oAbIL@mail.ru,UPDATE,2024-09-19 03:53:38
lHjcR@ya.ru,READ,2024-09-19 10:20:21
lHjcR@ya.ru,DELETE,2024-09-19 09:26:46
ioFEDePcH@ya.ru,DELETE,2024-09-19 09:01:35
PyGtVF@gmail.com,UPDATE,2024-09-19 18:34:00
vZtnzh@gmail.com,DELETE,2024-09-19 23:03:22
qqGwUdmEMl@mail.ru,READ,2024-09-19 04:25:43
JQIQXiKY@ya.ru,CREATE,2024-09-19 00:59:57
vZtnzh@gmail.com,DELETE,2024-09-19 00:54:43
oAbIL@mail.ru,UPDATE,2024-09-19 19:55:41
zSfQCVUpMOsvtX@mail.ru,READ,2024-09-19 17:29:14
zSfQCVUpMOsvtX@mail.ru,READ,2024-09-19 21:22:42
lHjcR@ya.ru,DELETE,2024-09-19 05:58:29
vqEZJHoXTQEn@gmail.com,DELETE,2024-09-19 00:12:46
zSfQCVUpMOsvtX@mail.ru,UPDATE,2024-09-19 09:50:44
BLHFd@ya.ru,DELETE,2024-09-19 18:26:19
BLHFd@ya.ru,DELETE,2024-09-19 02:12:56
qqGwUdmEMl@mail.ru,UPDATE,2024-09-19 03:33:12
zSfQCVUpMOsvtX@mail.ru,UPDATE,2024-09-19 12:00:40
vqEZJHoXTQEn@gmail.com,CREATE,2024-09-19 22:40:54
JQIQXiKY@ya.ru,DELETE,2024-09-19 22:01:30
vqEZJHoXTQEn@gmail.com,DELETE,2024-09-19 02:08:36
PyGtVF@gmail.com,READ,2024-09-19 10:19:08
PyGtVF@gmail.com,READ,2024-09-19 13:48:58
qqGwUdmEMl@mail.ru,READ,2024-09-19 04:02:40
vZtnzh@gmail.com,CREATE,2024-09-19 20:15:48
JQIQXiKY@ya.ru,UPDATE,2024-09-19 11:43:26
oAbIL@mail.ru,READ,2024-09-19 09:23:10
PyGtVF@gmail.com,DELETE,2024-09-19 04:49:23
vqEZJHoXTQEn@gmail.com,UPDATE,2024-09-19 21:44:05
JQIQXiKY@ya.ru,CREATE,2024-09-19 18:36:45
vqEZJHoXTQEn@gmail.com,CREATE,2024-09-19 20:38:07
vqEZJHoXTQEn@gmail.com,CREATE,2024-09-19 13:16:41
vZtnzh@gmail.com,UPDATE,2024-09-19 20:28:10
oAbIL@mail.ru,READ,2024-09-19 16:37:26
JQIQXiKY@ya.ru,CREATE,2024-09-19 20:06:46
JQIQXiKY@ya.ru,UPDATE,2024-09-19 12:46:03
ioFEDePcH@ya.ru,READ,2024-09-19 19:44:34
qqGwUdmEMl@mail.ru,READ,2024-09-19 21:25:10
PyGtVF@gmail.com,DELETE,2024-09-19 19:22:13
qqGwUdmEMl@mail.ru,CREATE,2024-09-19 23:17:13
PyGtVF@gmail.com,CREATE,2024-09-19 09:13:07
oAbIL@mail.ru,DELETE,2024-09-19 20:04:33
JQIQXiKY@ya.ru,CREATE,2024-09-19 20:25:36
lHjcR@ya.ru,DELETE,2024-09-19 11:55:24
vZtnzh@gmail.com,READ,2024-09-19 16:34:44
PyGtVF@gmail.com,READ,2024-09-19 13:07:38
oAbIL@mail.ru,READ,2024-09-19 07:17:14
vqEZJHoXTQEn@gmail.com,READ,2024-09-19 05:06:42
ioFEDePcH@ya.ru,DELETE,2024-09-19 14:59:14
oAbIL@mail.ru,UPDATE,2024-09-19 09:41:58
oAbIL@mail.ru,DELETE,2024-09-19 17:20:46
oAbIL@mail.ru,CREATE,2024-09-19 14:06:11
BLHFd@ya.ru,CREATE,2024-09-19 02:56:52
zSfQCVUpMOsvtX@mail.ru,UPDATE,2024-09-19 10:14:50
BLHFd@ya.ru,UPDATE,2024-09-19 05:28:37
vZtnzh@gmail.com,UPDATE,2024-09-19 12:41:52
lHjcR@ya.ru,UPDATE,2024-09-19 07:29:11
lHjcR@ya.ru,DELETE,2024-09-19 15:27:21
ioFEDePcH@ya.ru,UPDATE,2024-09-19 12:48:31
PyGtVF@gmail.com,CREATE,2024-09-19 12:47:01
BLHFd@ya.ru,CREATE,2024-09-19 12:32:12
vqEZJHoXTQEn@gmail.com,READ,2024-09-19 10:11:13
vZtnzh@gmail.com,READ,2024-09-19 14:17:58
ioFEDePcH@ya.ru,CREATE,2024-09-19 19:57:38
vqEZJHoXTQEn@gmail.com,CREATE,2024-09-19 17:18:01
PyGtVF@gmail.com,CREATE,2024-09-19 01:26:38
BLHFd@ya.ru,CREATE,2024-09-19 15:57:50
ioFEDePcH@ya.ru,DELETE,2024-09-19 22:30:56
vqEZJHoXTQEn@gmail.com,READ,2024-09-19 22:01:59
oAbIL@mail.ru,DELETE,2024-09-19 13:51:09
zSfQCVUpMOsvtX@mail.ru,DELETE,2024-09-19 20:48:43
zSfQCVUpMOsvtX@mail.ru,READ,2024-09-19 13:42:51
vZtnzh@gmail.com,CREATE,2024-09-19 20:32:19
oAbIL@mail.ru,READ,2024-09-19 17:18:35
ioFEDePcH@ya.ru,UPDATE,2024-09-19 17:06:19
zSfQCVUpMOsvtX@mail.ru,UPDATE,2024-09-19 15:11:23
vqEZJHoXTQEn@gmail.com,UPDATE,2024-09-19 19:24:10
zSfQCVUpMOsvtX@mail.ru,READ,2024-09-19 09:28:24
PyGtVF@gmail.com,CREATE,2024-09-19 17:44:12
oAbIL@mail.ru,CREATE,2024-09-19 18:29:53
vqEZJHoXTQEn@gmail.com,CREATE,2024-09-19 02:33:30
BLHFd@ya.ru,UPDATE,2024-09-19 20:32:08
PyGtVF@gmail.com,READ,2024-09-19 04:44:08
vqEZJHoXTQEn@gmail.com,UPDATE,2024-09-19 19:15:12
vqEZJHoXTQEn@gmail.com,READ,2024-09-19 14:44:05
lHjcR@ya.ru,CREATE,2024-09-19 10:55:01
zSfQCVUpMOsvtX@mail.ru,CREATE,2024-09-19 21:08:54
PyGtVF@gmail.com,UPDATE,2024-09-19 18:01:06
vqEZJHoXTQEn@gmail.com,UPDATE,2024-09-19 11:18:21
BLHFd@ya.ru,READ,2024-09-19 07:45:30
vqEZJHoXTQEn@gmail.com,DELETE,2024-09-19 23:50:39
vZtnzh@gmail.com,DELETE,2024-09-19 21:21:35
qqGwUdmEMl@mail.ru,DELETE,2024-09-19 07:48:17
BLHFd@ya.ru,DELETE,2024-09-19 05:04:54
oAbIL@mail.ru,DELETE,2024-09-19 19:12:45
BLHFd@ya.ru,CREATE,2024-09-19 17:51:32
BLHFd@ya.ru,UPDATE,2024-09-19 18:18:40
vqEZJHoXTQEn@gmail.com,DELETE,2024-09-19 11:25:20
PyGtVF@gmail.com,CREATE,2024-09-19 17:59:26
vZtnzh@gmail.com,READ,2024-09-19 01:31:13
PyGtVF@gmail.com,DELETE,2024-09-19 19:06:26
vqEZJHoXTQEn@gmail.com,READ,2024-09-19 05:41:33
JQIQXiKY@ya.ru,READ,2024-09-19 19:28:14
zSfQCVUpMOsvtX@mail.ru,UPDATE,2024-09-19 19:17:23
qqGwUdmEMl@mail.ru,READ,2024-09-19 09:29:12
ioFEDePcH@ya.ru,DELETE,2024-09-19 12:45:48
vqEZJHoXTQEn@gmail.com,CREATE,2024-09-19 18:58:33
lHjcR@ya.ru,READ,2024-09-19 00:18:26
ioFEDePcH@ya.ru,UPDATE,2024-09-19 10:06:11
vqEZJHoXTQEn@gmail.com,DELETE,2024-09-19 12:24:53
vqEZJHoXTQEn@gmail.com,UPDATE,2024-09-19 04:17:32
JQIQXiKY@ya.ru,CREATE,2024-09-19 22:54:08
vZtnzh@gmail.com,READ,2024-09-19 21:39:48
vZtnzh@gmail.com,CREATE,2024-09-19 09:56:14
ioFEDePcH@ya.ru,DELETE,2024-09-19 16:58:29
PyGtVF@gmail.com,UPDATE,2024-09-19 22:59:55
vZtnzh@gmail.com,READ,2024-09-19 15:49:58
PyGtVF@gmail.com,DELETE,2024-09-19 12:35:05
JQIQXiKY@ya.ru,DELETE,2024-09-19 09:32:42
lHjcR@ya.ru,CREATE,2024-09-19 21:31:54
qqGwUdmEMl@mail.ru,CREATE,2024-09-19 22:30:54
vZtnzh@gmail.com,READ,2024-09-19 07:38:08
ioFEDePcH@ya.ru,CREATE,2024-09-19 20:38:12
JQIQXiKY@ya.ru,READ,2024-09-19 18:42:44
BLHFd@ya.ru,READ,2024-09-19 13:09:22
oAbIL@mail.ru,CREATE,2024-09-19 01:59:09
lHjcR@ya.ru,DELETE,2024-09-19 07:47:00
vqEZJHoXTQEn@gmail.com,READ,2024-09-19 15:36:04
vqEZJHoXTQEn@gmail.com,READ,2024-09-19 04:24:25
ioFEDePcH@ya.ru,CREATE,2024-09-19 06:19:59
JQIQXiKY@ya.ru,UPDATE,2024-09-19 08:05:04
lHjcR@ya.ru,READ,2024-09-19 14:06:45
vZtnzh@gmail.com,DELETE,2024-09-19 04:52:18
lHjcR@ya.ru,UPDATE,2024-09-19 00:31:20
zSfQCVUpMOsvtX@mail.ru,UPDATE,2024-09-19 23:59:32
ioFEDePcH@ya.ru,CREATE,2024-09-19 16:47:18
vqEZJHoXTQEn@gmail.com,UPDATE,2024-09-19 20:13:35
oAbIL@mail.ru,CREATE,2024-09-19 16:29:45
BLHFd@ya.ru,READ,2024-09-19 01:17:42
oAbIL@mail.ru,DELETE,2024-09-19 20:55:03
lHjcR@ya.ru,UPDATE,2024-09-19 01:33:08
qqGwUdmEMl@mail.ru,CREATE,2024-09-19 00:24:30
zSfQCVUpMOsvtX@mail.ru,READ,2024-09-19 01:23:12
oAbIL@mail.ru,DELETE,2024-09-19 16:02:02
BLHFd@ya.ru,READ,2024-09-19 15:25:17
JQIQXiKY@ya.ru,READ,2024-09-19 19:30:32
vZtnzh@gmail.com,DELETE,2024-09-19 08:39:42
ioFEDePcH@ya.ru,UPDATE,2024-09-19 08:13:11
JQIQXiKY@ya.ru,READ,2024-09-19 10:05:15
ioFEDePcH@ya.ru,READ,2024-09-19 04:24:41
qqGwUdmEMl@mail.ru,READ,2024-09-19 06:10:52
vZtnzh@gmail.com,UPDATE,2024-09-19 20:32:12
BLHFd@ya.ru,CREATE,2024-09-19 21:56:27
vqEZJHoXTQEn@gmail.com,READ,2024-09-19 07:43:35
vZtnzh@gmail.com,CREATE,2024-09-19 14:38:14
qqGwUdmEMl@mail.ru,READ,2024-09-19 23:49:24
zSfQCVUpMOsvtX@mail.ru,CREATE,2024-09-19 23:45:22
PyGtVF@gmail.com,UPDATE,2024-09-19 01:13:06
vqEZJHoXTQEn@gmail.com,CREATE,2024-09-19 03:12:58
lHjcR@ya.ru,READ,2024-09-19 03:02:00
vZtnzh@gmail.com,CREATE,2024-09-19 00:32:47
ioFEDePcH@ya.ru,UPDATE,2024-09-19 23:15:07
BLHFd@ya.ru,UPDATE,2024-09-19 19:11:33
ioFEDePcH@ya.ru,CREATE,2024-09-19 01:50:27
PyGtVF@gmail.com,READ,2024-09-19 10:56:26
ioFEDePcH@ya.ru,UPDATE,2024-09-19 22:42:03
oAbIL@mail.ru,READ,2024-09-19 22:56:07
zSfQCVUpMOsvtX@mail.ru,DELETE,2024-09-19 22:43:01
PyGtVF@gmail.com,UPDATE,2024-09-19 17:02:05
ioFEDePcH@ya.ru,DELETE,2024-09-19 18:37:55
vZtnzh@gmail.com,DELETE,2024-09-19 08:52:35
JQIQXiKY@ya.ru,UPDATE,2024-09-19 14:18:24
JQIQXiKY@ya.ru,READ,2024-09-19 06:14:35
oAbIL@mail.ru,UPDATE,2024-09-19 05:58:33
oAbIL@mail.ru,UPDATE,2024-09-19 21:48:53
BLHFd@ya.ru,DELETE,2024-09-19 19:40:18
lHjcR@ya.ru,READ,2024-09-19 06:35:23
JQIQXiKY@ya.ru,DELETE,2024-09-19 21:44:29
vZtnzh@gmail.com,UPDATE,2024-09-19 08:53:26
JQIQXiKY@ya.ru,READ,2024-09-19 12:46:25
JQIQXiKY@ya.ru,UPDATE,2024-09-19 02:07:01
JQIQXiKY@ya.ru,CREATE,2024-09-19 16:06:25
vqEZJHoXTQEn@gmail.com,UPDATE,2024-09-19 09:21:31
zSfQCVUpMOsvtX@mail.ru,UPDATE,2024-09-19 07:52:19
BLHFd@ya.ru,READ,2024-09-19 05:29:31
oAbIL@mail.ru,UPDATE,2024-09-19 18:24:40
zSfQCVUpMOsvtX@mail.ru,UPDATE,2024-09-19 20:50:25
ioFEDePcH@ya.ru,CREATE,2024-09-19 20:28:37
lHjcR@ya.ru,DELETE,2024-09-19 09:59:41
qqGwUdmEMl@mail.ru,READ,2024-09-19 11:18:09
BLHFd@ya.ru,READ,2024-09-19 01:29:25
lHjcR@ya.ru,READ,2024-09-19 11:20:09
oAbIL@mail.ru,READ,2024-09-19 13:53:47
lHjcR@ya.ru,DELETE,2024-09-19 02:28:27
oAbIL@mail.ru,CREATE,2024-09-19 09:32:01
oAbIL@mail.ru,DELETE,2024-09-19 09:11:48
vqEZJHoXTQEn@gmail.com,DELETE,2024-09-19 00:30:56
vZtnzh@gmail.com,READ,2024-09-19 20:54:38
oAbIL@mail.ru,UPDATE,2024-09-19 21:37:04
qqGwUdmEMl@mail.ru,UPDATE,2024-09-19 21:53:42
BLHFd@ya.ru,READ,2024-09-19 23:53:47
BLHFd@ya.ru,READ,2024-09-19 19:56:18
ioFEDePcH@ya.ru,READ,2024-09-19 02:20:39
BLHFd@ya.ru,UPDATE,2024-09-19 18:50:03
qqGwUdmEMl@mail.ru,READ,2024-09-19 12:08:01
qqGwUdmEMl@mail.ru,UPDATE,2024-09-19 23:37:25
vqEZJHoXTQEn@gmail.com,DELETE,2024-09-19 03:53:57
lHjcR@ya.ru,READ,2024-09-19 13:37:52
ioFEDePcH@ya.ru,UPDATE,2024-09-19 16:40:42
oAbIL@mail.ru,READ,2024-09-19 23:40:47
vqEZJHoXTQEn@gmail.com,CREATE,2024-09-19 15:57:25
JQIQXiKY@ya.ru,DELETE,2024-09-19 08:07:08
PyGtVF@gmail.com,DELETE,2024-09-19 12:45:04
zSfQCVUpMOsvtX@mail.ru,DELETE,2024-09-19 19:40:00
ioFEDePcH@ya.ru,READ,2024-09-19 01:52:41
JQIQXiKY@ya.ru,READ,2024-09-19 08:02:27
JQIQXiKY@ya.ru,UPDATE,2024-09-19 08:46:47
oAbIL@mail.ru,READ,2024-09-19 16:11:09
oAbIL@mail.ru,CREATE,2024-09-19 02:02:18
JQIQXiKY@ya.ru,CREATE,2024-09-19 17:56:44
oAbIL@mail.ru,CREATE,2024-09-19 09:26:19
oAbIL@mail.ru,CREATE,2024-09-19 08:13:12
zSfQCVUpMOsvtX@mail.ru,READ,2024-09-19 09:32:51
zSfQCVUpMOsvtX@mail.ru,UPDATE,2024-09-19 08:07:44
JQIQXiKY@ya.ru,UPDATE,2024-09-19 09:37:33
lHjcR@ya.ru,CREATE,2024-09-19 09:04:51
vqEZJHoXTQEn@gmail.com,CREATE,2024-09-19 12:43:52
oAbIL@mail.ru,READ,2024-09-19 00:01:26
vZtnzh@gmail.com,CREATE,2024-09-19 18:57:44
JQIQXiKY@ya.ru,UPDATE,2024-09-19 01:20:00
PyGtVF@gmail.com,CREATE,2024-09-19 20:25:30
JQIQXiKY@ya.ru,DELETE,2024-09-19 16:11:11
qqGwUdmEMl@mail.ru,CREATE,2024-09-19 22:07:52
ioFEDePcH@ya.ru,CREATE,2024-09-19 00:31:42
zSfQCVUpMOsvtX@mail.ru,READ,2024-09-19 03:34:29
zSfQCVUpMOsvtX@mail.ru,READ,2024-09-19 02:55:25
ioFEDePcH@ya.ru,DELETE,2024-09-19 13:47:15
qqGwUdmEMl@mail.ru,CREATE,2024-09-19 22:56:57
oAbIL@mail.ru,CREATE,2024-09-19 11:10:03
PyGtVF@gmail.com,DELETE,2024-09-19 18:16:10
lHjcR@ya.ru,CREATE,2024-09-19 18:43:19
vqEZJHoXTQEn@gmail.com,UPDATE,2024-09-19 16:54:00
vqEZJHoXTQEn@gmail.com,READ,2024-09-19 18:42:21
qqGwUdmEMl@mail.ru,DELETE,2024-09-19 21:13:02
ioFEDePcH@ya.ru,DELETE,2024-09-19 17:23:37
lHjcR@ya.ru,DELETE,2024-09-19 16:09:43
vZtnzh@gmail.com,READ,2024-09-19 14:44:46
JQIQXiKY@ya.ru,UPDATE,2024-09-19 02:10:43
qqGwUdmEMl@mail.ru,READ,2024-09-19 19:26:02
vqEZJHoXTQEn@gmail.com,UPDATE,2024-09-19 06:59:26
BLHFd@ya.ru,READ,2024-09-19 13:57:28
zSfQCVUpMOsvtX@mail.ru,READ,2024-09-19 00:58:20
qqGwUdmEMl@mail.ru,CREATE,2024-09-19 23:48:54
ioFEDePcH@ya.ru,READ,2024-09-19 11:13:32
ioFEDePcH@ya.ru,UPDATE,2024-09-19 11:34:16
vqEZJHoXTQEn@gmail.com,UPDATE,2024-09-19 23:50:51
lHjcR@ya.ru,READ,2024-09-19 22:32:51
vZtnzh@gmail.com,CREATE,2024-09-19 14:07:18
BLHFd@ya.ru,CREATE,2024-09-19 11:28:14
oAbIL@mail.ru,READ,2024-09-19 21:26:24
vqEZJHoXTQEn@gmail.com,READ,2024-09-19 20:41:38
vZtnzh@gmail.com,READ,2024-09-19 13:31:19
vqEZJHoXTQEn@gmail.com,DELETE,2024-09-19 18:49:08
BLHFd@ya.ru,CREATE,2024-09-19 14:19:50
zSfQCVUpMOsvtX@mail.ru,DELETE,2024-09-19 18:26:37
vZtnzh@gmail.com,UPDATE,2024-09-19 23:44:27
ioFEDePcH@ya.ru,READ,2024-09-19 09:32:23
qqGwUdmEMl@mail.ru,CREATE,2024-09-19 02:57:12
vZtnzh@gmail.com,READ,2024-09-19 22:47:48
zSfQCVUpMOsvtX@mail.ru,UPDATE,2024-09-19 15:09:50
lHjcR@ya.ru,CREATE,2024-09-19 02:58:06
qqGwUdmEMl@mail.ru,READ,2024-09-19 19:18:36
PyGtVF@gmail.com,UPDATE,2024-09-19 01:10:06
PyGtVF@gmail.com,DELETE,2024-09-19 19:57:23
lHjcR@ya.ru,CREATE,2024-09-19 10:56:22
BLHFd@ya.ru,UPDATE,2024-09-19 21:40:54
vqEZJHoXTQEn@gmail.com,READ,2024-09-19 07:43:25
vZtnzh@gmail.com,CREATE,2024-09-19 22:56:52
PyGtVF@gmail.com,READ,2024-09-19 09:44:14
oAbIL@mail.ru,READ,2024-09-19 19:44:33
BLHFd@ya.ru,UPDATE,2024-09-19 16:16:49
oAbIL@mail.ru,UPDATE,2024-09-19 10:00:35
vqEZJHoXTQEn@gmail.com,UPDATE,2024-09-19 22:30:59
qqGwUdmEMl@mail.ru,CREATE,2024-09-19 12:26:42
vZtnzh@gmail.com,READ,2024-09-19 00:37:01
oAbIL@mail.ru,READ,2024-09-19 08:12:23
oAbIL@mail.ru,CREATE,2024-09-19 13:45:56
vqEZJHoXTQEn@gmail.com,CREATE,2024-09-19 03:14:40
lHjcR@ya.ru,DELETE,2024-09-19 23:42:56
JQIQXiKY@ya.ru,UPDATE,2024-09-19 12:14:46
ioFEDePcH@ya.ru,UPDATE,2024-09-19 19:37:22
vZtnzh@gmail.com,READ,2024-09-19 19:08:51
zSfQCVUpMOsvtX@mail.ru,DELETE,2024-09-19 11:43:03
vqEZJHoXTQEn@gmail.com,DELETE,2024-09-19 06:52:00
vZtnzh@gmail.com,READ,2024-09-19 20:58:31
oAbIL@mail.ru,DELETE,2024-09-19 12:03:09
PyGtVF@gmail.com,DELETE,2024-09-19 11:53:05
JQIQXiKY@ya.ru,UPDATE,2024-09-19 07:47:27
PyGtVF@gmail.com,UPDATE,2024-09-19 03:11:29
JQIQXiKY@ya.ru,DELETE,2024-09-19 16:26:44
zSfQCVUpMOsvtX@mail.ru,DELETE,2024-09-19 12:06:47
qqGwUdmEMl@mail.ru,UPDATE,2024-09-19 01:40:41
ioFEDePcH@ya.ru,READ,2024-09-19 21:20:58
zSfQCVUpMOsvtX@mail.ru,READ,2024-09-19 01:20:22
vqEZJHoXTQEn@gmail.com,CREATE,2024-09-19 13:54:53
vZtnzh@gmail.com,UPDATE,2024-09-19 03:48:22
PyGtVF@gmail.com,DELETE,2024-09-19 18:08:01
zSfQCVUpMOsvtX@mail.ru,UPDATE,2024-09-19 20:14:29
oAbIL@mail.ru,CREATE,2024-09-19 14:21:20
vZtnzh@gmail.com,CREATE,2024-09-19 08:25:03
PyGtVF@gmail.com,UPDATE,2024-09-19 15:44:35
oAbIL@mail.ru,CREATE,2024-09-19 05:03:44
zSfQCVUpMOsvtX@mail.ru,CREATE,2024-09-19 06:58:12
ioFEDePcH@ya.ru,CREATE,2024-09-19 10:21:13
vZtnzh@gmail.com,CREATE,2024-09-19 23:17:49
PyGtVF@gmail.com,CREATE,2024-09-19 17:13:56
oAbIL@mail.ru,READ,2024-09-19 10:45:08
zSfQCVUpMOsvtX@mail.ru,UPDATE,2024-09-19 16:34:29
BLHFd@ya.ru,CREATE,2024-09-19 07:23:39
ioFEDePcH@ya.ru,UPDATE,2024-09-19 14:43:11
ioFEDePcH@ya.ru,UPDATE,2024-09-19 15:40:02
oAbIL@mail.ru,UPDATE,2024-09-19 01:42:39
BLHFd@ya.ru,UPDATE,2024-09-19 15:39:24
oAbIL@mail.ru,UPDATE,2024-09-19 11:34:18
vZtnzh@gmail.com,DELETE,2024-09-19 19:35:14
vZtnzh@gmail.com,CREATE,2024-09-19 21:37:24
lHjcR@ya.ru,READ,2024-09-19 12:40:04
qqGwUdmEMl@mail.ru,DELETE,2024-09-19 20:07:16
BLHFd@ya.ru,UPDATE,2024-09-19 11:00:28
BLHFd@ya.ru,READ,2024-09-19 12:32:19
zSfQCVUpMOsvtX@mail.ru,READ,2024-09-19 21:51:09
qqGwUdmEMl@mail.ru,UPDATE,2024-09-19 10:59:12
vqEZJHoXTQEn@gmail.com,READ,2024-09-19 20:18:31
vZtnzh@gmail.com,READ,2024-09-19 12:09:27
BLHFd@ya.ru,CREATE,2024-09-19 13:00:15
PyGtVF@gmail.com,CREATE,2024-09-19 04:21:36
PyGtVF@gmail.com,READ,2024-09-19 08:41:54
lHjcR@ya.ru,DELETE,2024-09-19 20:28:57
ioFEDePcH@ya.ru,DELETE,2024-09-19 01:15:10
oAbIL@mail.ru,DELETE,2024-09-19 20:15:14
zSfQCVUpMOsvtX@mail.ru,CREATE,2024-09-19 09:04:51
JQIQXiKY@ya.ru,CREATE,2024-09-19 13:52:34
lHjcR@ya.ru,DELETE,2024-09-19 23:43:08
ioFEDePcH@ya.ru,UPDATE,2024-09-19 03:10:31
oAbIL@mail.ru,DELETE,2024-09-19 06:14:03
lHjcR@ya.ru,UPDATE,2024-09-19 00:57:48
BLHFd@ya.ru,DELETE,2024-09-19 08:50:37
zSfQCVUpMOsvtX@mail.ru,READ,2024-09-19 06:54:48
lHjcR@ya.ru,READ,2024-09-19 02:53:50
JQIQXiKY@ya.ru,DELETE,2024-09-19 12:40:46
vqEZJHoXTQEn@gmail.com,CREATE,2024-09-19 23:13:54
qqGwUdmEMl@mail.ru,UPDATE,2024-09-19 12:53:18
JQIQXiKY@ya.ru,CREATE,2024-09-19 18:45:34
lHjcR@ya.ru,UPDATE,2024-09-19 23:17:21
zSfQCVUpMOsvtX@mail.ru,DELETE,2024-09-19 17:35:41
vZtnzh@gmail.com,UPDATE,2024-09-19 07:41:31
BLHFd@ya.ru,READ,2024-09-19 18:00:05
vZtnzh@gmail.com,UPDATE,2024-09-19 07:33:49
qqGwUdmEMl@mail.ru,DELETE,2024-09-19 19:52:42
PyGtVF@gmail.com,UPDATE,2024-09-19 16:28:05
vqEZJHoXTQEn@gmail.com,DELETE,2024-09-19 10:16:13
zSfQCVUpMOsvtX@mail.ru,UPDATE,2024-09-19 14:37:29
JQIQXiKY@ya.ru,READ,2024-09-19 22:21:41
ioFEDePcH@ya.ru,UPDATE,2024-09-19 15:49:32
zSfQCVUpMOsvtX@mail.ru,READ,2024-09-19 21:21:03
BLHFd@ya.ru,READ,2024-09-19 12:17:21
zSfQCVUpMOsvtX@mail.ru,UPDATE,2024-09-19 08:01:18
lHjcR@ya.ru,READ,2024-09-19 07:00:37
vZtnzh@gmail.com,UPDATE,2024-09-19 00:46:06
BLHFd@ya.ru,CREATE,2024-09-19 04:19:30
lHjcR@ya.ru,CREATE,2024-09-19 06:49:43
BLHFd@ya.ru,UPDATE,2024-09-19 17:29:34
vqEZJHoXTQEn@gmail.com,UPDATE,2024-09-19 05:53:23
zSfQCVUpMOsvtX@mail.ru,DELETE,2024-09-19 04:43:16
vqEZJHoXTQEn@gmail.com,CREATE,2024-09-19 14:20:34
zSfQCVUpMOsvtX@mail.ru,UPDATE,2024-09-19 16:52:02
BLHFd@ya.ru,READ,2024-09-19 20:21:00
BLHFd@ya.ru,UPDATE,2024-09-19 14:24:35
lHjcR@ya.ru,UPDATE,2024-09-19 12:46:54
ioFEDePcH@ya.ru,DELETE,2024-09-19 17:41:04
zSfQCVUpMOsvtX@mail.ru,DELETE,2024-09-19 07:23:57
vZtnzh@gmail.com,DELETE,2024-09-19 16:54:02
oAbIL@mail.ru,UPDATE,2024-09-19 05:00:11
BLHFd@ya.ru,DELETE,2024-09-19 12:44:27
PyGtVF@gmail.com,UPDATE,2024-09-19 01:19:25
vqEZJHoXTQEn@gmail.com,CREATE,2024-09-19 02:33:18
ioFEDePcH@ya.ru,UPDATE,2024-09-19 15:52:07
vqEZJHoXTQEn@gmail.com,DELETE,2024-09-19 18:12:17
zSfQCVUpMOsvtX@mail.ru,CREATE,2024-09-19 17:36:15
vqEZJHoXTQEn@gmail.com,READ,2024-09-19 01:35:15
oAbIL@mail.ru,UPDATE,2024-09-19 11:31:46
vZtnzh@gmail.com,CREATE,2024-09-19 19:59:16
qqGwUdmEMl@mail.ru,DELETE,2024-09-19 11:45:50
ioFEDePcH@ya.ru,READ,2024-09-19 07:56:31
oAbIL@mail.ru,DELETE,2024-09-19 16:11:43
BLHFd@ya.ru,READ,2024-09-19 10:34:18
vqEZJHoXTQEn@gmail.com,CREATE,2024-09-19 16:06:02
JQIQXiKY@ya.ru,DELETE,2024-09-19 13:56:01
PyGtVF@gmail.com,READ,2024-09-19 09:59:24
BLHFd@ya.ru,DELETE,2024-09-19 21:07:36
lHjcR@ya.ru,CREATE,2024-09-19 21:11:21
zSfQCVUpMOsvtX@mail.ru,DELETE,2024-09-19 16:01:08
BLHFd@ya.ru,UPDATE,2024-09-19 22:30:43
ioFEDePcH@ya.ru,CREATE,2024-09-19 21:45:53
oAbIL@mail.ru,DELETE,2024-09-19 07:04:58
oAbIL@mail.ru,DELETE,2024-09-19 14:40:59
PyGtVF@gmail.com,READ,2024-09-19 18:55:28
JQIQXiKY@ya.ru,CREATE,2024-09-19 08:47:05
zSfQCVUpMOsvtX@mail.ru,UPDATE,2024-09-19 20:05:26
oAbIL@mail.ru,DELETE,2024-09-19 09:03:55
JQIQXiKY@ya.ru,UPDATE,2024-09-19 05:41:37
qqGwUdmEMl@mail.ru,DELETE,2024-09-19 10:26:41
vZtnzh@gmail.com,READ,2024-09-19 03:56:59
qqGwUdmEMl@mail.ru,CREATE,2024-09-19 19:41:49
qqGwUdmEMl@mail.ru,CREATE,2024-09-19 11:09:53
qqGwUdmEMl@mail.ru,CREATE,2024-09-19 03:14:44
qqGwUdmEMl@mail.ru,CREATE,2024-09-19 08:39:05
vqEZJHoXTQEn@gmail.com,CREATE,2024-09-19 10:44:57
PyGtVF@gmail.com,UPDATE,2024-09-19 08:48:47
oAbIL@mail.ru,DELETE,2024-09-19 09:43:32
vZtnzh@gmail.com,CREATE,2024-09-19 21:20:36
vZtnzh@gmail.com,CREATE,2024-09-19 17:44:51
oAbIL@mail.ru,UPDATE,2024-09-19 08:01:21
vZtnzh@gmail.com,READ,2024-09-19 22:36:24
lHjcR@ya.ru,DELETE,2024-09-19 13:20:17
qqGwUdmEMl@mail.ru,UPDATE,2024-09-19 13:02:39
vqEZJHoXTQEn@gmail.com,CREATE,2024-09-19 01:57:03
oAbIL@mail.ru,UPDATE,2024-09-19 02:19:23
zSfQCVUpMOsvtX@mail.ru,DELETE,2024-09-19 17:42:36
ioFEDePcH@ya.ru,DELETE,2024-09-19 05:01:02
zSfQCVUpMOsvtX@mail.ru,READ,2024-09-19 00:03:36
BLHFd@ya.ru,DELETE,2024-09-19 06:36:42
JQIQXiKY@ya.ru,READ,2024-09-19 04:24:32
vZtnzh@gmail.com,READ,2024-09-19 20:25:47
BLHFd@ya.ru,UPDATE,2024-09-19 22:08:58
ioFEDePcH@ya.ru,DELETE,2024-09-19 06:10:58
qqGwUdmEMl@mail.ru,UPDATE,2024-09-19 09:15:37
lHjcR@ya.ru,DELETE,2024-09-19 16:16:20
zSfQCVUpMOsvtX@mail.ru,CREATE,2024-09-19 14:01:05
vZtnzh@gmail.com,UPDATE,2024-09-19 13:33:57
ioFEDePcH@ya.ru,READ,2024-09-19 20:15:26
qqGwUdmEMl@mail.ru,UPDATE,2024-09-19 12:39:55
vqEZJHoXTQEn@gmail.com,UPDATE,2024-09-19 09:33:13
lHjcR@ya.ru,UPDATE,2024-09-19 14:24:36
vZtnzh@gmail.com,UPDATE,2024-09-19 03:21:33
oAbIL@mail.ru,DELETE,2024-09-19 01:10:32
zSfQCVUpMOsvtX@mail.ru,READ,2024-09-19 01:17:51
ioFEDePcH@ya.ru,DELETE,2024-09-19 19:24:46
lHjcR@ya.ru,CREATE,2024-09-19 13:17:20
lHjcR@ya.ru,CREATE,2024-09-19 14:49:15
PyGtVF@gmail.com,DELETE,2024-09-19 21:10:41
ioFEDePcH@ya.ru,CREATE,2024-09-19 16:20:25
vZtnzh@gmail.com,READ,2024-09-19 10:05:10
zSfQCVUpMOsvtX@mail.ru,READ,2024-09-19 11:21:46
vqEZJHoXTQEn@gmail.com,READ,2024-09-19 09:04:16
vZtnzh@gmail.com,UPDATE,2024-09-19 00:48:59
oAbIL@mail.ru,READ,2024-09-19 18:57:43
JQIQXiKY@ya.ru,CREATE,2024-09-19 05:16:45
vZtnzh@gmail.com,CREATE,2024-09-19 06:24:46
PyGtVF@gmail.com,READ,2024-09-19 19:19:40
vqEZJHoXTQEn@gmail.com,READ,2024-09-19 03:17:49
zSfQCVUpMOsvtX@mail.ru,DELETE,2024-09-19 13:16:01
PyGtVF@gmail.com,UPDATE,2024-09-19 13:33:53
lHjcR@ya.ru,UPDATE,2024-09-19 18:18:35
zSfQCVUpMOsvtX@mail.ru,READ,2024-09-19 22:03:05
vZtnzh@gmail.com,CREATE,2024-09-19 17:57:02
qqGwUdmEMl@mail.ru,UPDATE,2024-09-19 07:42:24
ioFEDePcH@ya.ru,DELETE,2024-09-19 09:38:18
lHjcR@ya.ru,CREATE,2024-09-19 14:11:20
PyGtVF@gmail.com,DELETE,2024-09-19 05:52:48
PyGtVF@gmail.com,CREATE,2024-09-19 16:12:46
ioFEDePcH@ya.ru,CREATE,2024-09-19 18:35:48
lHjcR@ya.ru,UPDATE,2024-09-19 23:58:43
lHjcR@ya.ru,CREATE,2024-09-19 08:09:41
oAbIL@mail.ru,DELETE,2024-09-19 04:58:18
oAbIL@mail.ru,DELETE,2024-09-19 01:25:56
ioFEDePcH@ya.ru,CREATE,2024-09-19 22:04:56
lHjcR@ya.ru,UPDATE,2024-09-19 01:08:04
BLHFd@ya.ru,READ,2024-09-19 01:24:05
JQIQXiKY@ya.ru,DELETE,2024-09-19 21:17:13
lHjcR@ya.ru,READ,2024-09-19 11:30:01
BLHFd@ya.ru,CREATE,2024-09-19 05:35:45
vqEZJHoXTQEn@gmail.com,READ,2024-09-19 22:02:55
vZtnzh@gmail.com,UPDATE,2024-09-19 21:11:23
vqEZJHoXTQEn@gmail.com,CREATE,2024-09-19 12:12:36
JQIQXiKY@ya.ru,CREATE,2024-09-19 15:32:59
BLHFd@ya.ru,DELETE,2024-09-19 11:16:36
JQIQXiKY@ya.ru,UPDATE,2024-09-19 04:27:50
lHjcR@ya.ru,READ,2024-09-19 12:51:14
oAbIL@mail.ru,CREATE,2024-09-19 00:51:33
oAbIL@mail.ru,CREATE,2024-09-19 00:31:19
zSfQCVUpMOsvtX@mail.ru,READ,2024-09-19 19:55:09
vqEZJHoXTQEn@gmail.com,CREATE,2024-09-19 22:21:07
BLHFd@ya.ru,READ,2024-09-19 01:44:37
PyGtVF@gmail.com,DELETE,2024-09-19 07:43:17
PyGtVF@gmail.com,DELETE,2024-09-19 01:53:10
ioFEDePcH@ya.ru,READ,2024-09-19 11:23:09
zSfQCVUpMOsvtX@mail.ru,UPDATE,2024-09-19 01:11:33
qqGwUdmEMl@mail.ru,CREATE,2024-09-19 11:17:36
vqEZJHoXTQEn@gmail.com,DELETE,2024-09-19 11:56:04
vZtnzh@gmail.com,DELETE,2024-09-19 06:10:58
qqGwUdmEMl@mail.ru,CREATE,2024-09-19 03:38:48
vqEZJHoXTQEn@gmail.com,DELETE,2024-09-19 16:04:11
qqGwUdmEMl@mail.ru,DELETE,2024-09-19 14:47:38
BLHFd@ya.ru,DELETE,2024-09-19 11:55:14
qqGwUdmEMl@mail.ru,CREATE,2024-09-19 09:31:10
PyGtVF@gmail.com,READ,2024-09-19 10:54:56
lHjcR@ya.ru,CREATE,2024-09-19 02:54:06
PyGtVF@gmail.com,CREATE,2024-09-19 16:58:11
PyGtVF@gmail.com,READ,2024-09-19 14:54:14
BLHFd@ya.ru,UPDATE,2024-09-19 20:18:11
lHjcR@ya.ru,UPDATE,2024-09-19 19:17:52
zSfQCVUpMOsvtX@mail.ru,CREATE,2024-09-19 02:28:57
zSfQCVUpMOsvtX@mail.ru,UPDATE,2024-09-19 19:06:34
qqGwUdmEMl@mail.ru,CREATE,2024-09-19 21:19:19
BLHFd@ya.ru,DELETE,2024-09-19 19:07:19
JQIQXiKY@ya.ru,DELETE,2024-09-19 11:08:02
JQIQXiKY@ya.ru,READ,2024-09-19 12:26:43
qqGwUdmEMl@mail.ru,CREATE,2024-09-19 00:01:28
vZtnzh@gmail.com,UPDATE,2024-09-19 09:08:36
vZtnzh@gmail.com,UPDATE,2024-09-19 01:38:42
ioFEDePcH@ya.ru,DELETE,2024-09-19 16:58:40
PyGtVF@gmail.com,UPDATE,2024-09-19 11:20:07
qqGwUdmEMl@mail.ru,CREATE,2024-09-19 01:19:22
oAbIL@mail.ru,DELETE,2024-09-19 12:44:38
vZtnzh@gmail.com,CREATE,2024-09-19 11:24:57
vqEZJHoXTQEn@gmail.com,UPDATE,2024-09-19 19:56:32
lHjcR@ya.ru,DELETE,2024-09-19 12:24:43
ioFEDePcH@ya.ru,UPDATE,2024-09-19 10:38:47
zSfQCVUpMOsvtX@mail.ru,DELETE,2024-09-19 01:18:02
JQIQXiKY@ya.ru,DELETE,2024-09-19 15:45:25
JQIQXiKY@ya.ru,READ,2024-09-19 20:25:10
vqEZJHoXTQEn@gmail.com,DELETE,2024-09-19 07:31:26
lHjcR@ya.ru,READ,2024-09-19 01:52:55
vqEZJHoXTQEn@gmail.com,DELETE,2024-09-19 08:29:00
qqGwUdmEMl@mail.ru,DELETE,2024-09-19 07:15:33
PyGtVF@gmail.com,READ,2024-09-19 18:31:25
qqGwUdmEMl@mail.ru,CREATE,2024-09-19 19:40:59
JQIQXiKY@ya.ru,DELETE,2024-09-19 14:42:25
vZtnzh@gmail.com,UPDATE,2024-09-19 03:22:49
vqEZJHoXTQEn@gmail.com,CREATE,2024-09-19 08:07:55
PyGtVF@gmail.com,CREATE,2024-09-19 01:16:39
PyGtVF@gmail.com,READ,2024-09-19 07:29:47
BLHFd@ya.ru,READ,2024-09-19 08:42:52
zSfQCVUpMOsvtX@mail.ru,CREATE,2024-09-19 08:23:10
lHjcR@ya.ru,DELETE,2024-09-19 20:37:20
vZtnzh@gmail.com,READ,2024-09-19 23:32:09
lHjcR@ya.ru,READ,2024-09-19 17:40:03
oAbIL@mail.ru,DELETE,2024-09-19 03:16:04
vqEZJHoXTQEn@gmail.com,READ,2024-09-19 11:30:22
vqEZJHoXTQEn@gmail.com,UPDATE,2024-09-19 11:42:27
zSfQCVUpMOsvtX@mail.ru,UPDATE,2024-09-19 08:00:11
BLHFd@ya.ru,DELETE,2024-09-19 06:00:52
vZtnzh@gmail.com,READ,2024-09-19 07:12:36
BLHFd@ya.ru,DELETE,2024-09-19 18:42:26
PyGtVF@gmail.com,CREATE,2024-09-19 09:08:30
BLHFd@ya.ru,UPDATE,2024-09-19 19:59:35
JQIQXiKY@ya.ru,READ,2024-09-19 13:27:44
qqGwUdmEMl@mail.ru,READ,2024-09-19 21:38:37
lHjcR@ya.ru,DELETE,2024-09-19 01:45:52
BLHFd@ya.ru,READ,2024-09-19 11:25:48
lHjcR@ya.ru,DELETE,2024-09-19 09:47:04
vqEZJHoXTQEn@gmail.com,CREATE,2024-09-19 09:57:39
vqEZJHoXTQEn@gmail.com,READ,2024-09-19 15:26:51
BLHFd@ya.ru,CREATE,2024-09-19 01:56:23
zSfQCVUpMOsvtX@mail.ru,DELETE,2024-09-19 22:18:42
ioFEDePcH@ya.ru,READ,2024-09-19 02:05:02
vZtnzh@gmail.com,UPDATE,2024-09-19 10:33:47
PyGtVF@gmail.com,READ,2024-09-19 01:45:52
oAbIL@mail.ru,CREATE,2024-09-19 11:20:11
qqGwUdmEMl@mail.ru,CREATE,2024-09-19 06:02:43
ioFEDePcH@ya.ru,UPDATE,2024-09-19 05:33:48
zSfQCVUpMOsvtX@mail.ru,UPDATE,2024-09-19 00:23:12
ioFEDePcH@ya.ru,READ,2024-09-19 22:30:33
PyGtVF@gmail.com,CREATE,2024-09-19 01:08:42
PyGtVF@gmail.com,CREATE,2024-09-19 11:57:31
PyGtVF@gmail.com,DELETE,2024-09-19 05:19:19
oAbIL@mail.ru,DELETE,2024-09-19 13:04:46
lHjcR@ya.ru,UPDATE,2024-09-19 11:53:18
BLHFd@ya.ru,DELETE,2024-09-19 22:12:30
BLHFd@ya.ru,READ,2024-09-19 07:57:44
PyGtVF@gmail.com,DELETE,2024-09-19 16:40:36
oAbIL@mail.ru,DELETE,2024-09-19 01:19:43
PyGtVF@gmail.com,DELETE,2024-09-19 03:44:26
zSfQCVUpMOsvtX@mail.ru,UPDATE,2024-09-19 21:27:09
PyGtVF@gmail.com,READ,2024-09-19 00:00:43
BLHFd@ya.ru,UPDATE,2024-09-19 22:35:53
oAbIL@mail.ru,CREATE,2024-09-19 08:27:57
vqEZJHoXTQEn@gmail.com,READ,2024-09-19 05:31:43
qqGwUdmEMl@mail.ru,READ,2024-09-19 19:31:22
qqGwUdmEMl@mail.ru,DELETE,2024-09-19 08:39:42
lHjcR@ya.ru,UPDATE,2024-09-19 14:06:09
vqEZJHoXTQEn@gmail.com,CREATE,2024-09-19 08:09:14
vZtnzh@gmail.com,UPDATE,2024-09-19 00:21:42
ioFEDePcH@ya.ru,READ,2024-09-19 07:25:57
JQIQXiKY@ya.ru,UPDATE,2024-09-19 07:43:06
BLHFd@ya.ru,CREATE,2024-09-19 01:39:57
BLHFd@ya.ru,DELETE,2024-09-19 18:54:20
PyGtVF@gmail.com,CREATE,2024-09-19 13:15:07
lHjcR@ya.ru,CREATE,2024-09-19 20:30:43
qqGwUdmEMl@mail.ru,DELETE,2024-09-19 23:31:54
vqEZJHoXTQEn@gmail.com,READ,2024-09-19 06:07:03
vZtnzh@gmail.com,CREATE,2024-09-19 06:49:34
vZtnzh@gmail.com,CREATE,2024-09-19 17:06:56
vZtnzh@gmail.com,READ,2024-09-19 07:11:04
PyGtVF@gmail.com,UPDATE,2024-09-19 10:13:18
PyGtVF@gmail.com,UPDATE,2024-09-19 23:27:48
vZtnzh@gmail.com,CREATE,2024-09-19 10:25:56
zSfQCVUpMOsvtX@mail.ru,READ,2024-09-19 06:39:26
JQIQXiKY@ya.ru,DELETE,2024-09-19 18:52:07
vZtnzh@gmail.com,READ,2024-09-19 04:18:09
oAbIL@mail.ru,UPDATE,2024-09-19 07:49:58
vqEZJHoXTQEn@gmail.com,CREATE,2024-09-19 19:56:35
qqGwUdmEMl@mail.ru,UPDATE,2024-09-19 21:10:56
oAbIL@mail.ru,READ,2024-09-19 06:48:44
vZtnzh@gmail.com,CREATE,2024-09-19 21:53:56
vZtnzh@gmail.com,READ,2024-09-19 13:02:24
oAbIL@mail.ru,UPDATE,2024-09-19 07:52:24
PyGtVF@gmail.com,UPDATE,2024-09-19 09:29:04
ioFEDePcH@ya.ru,CREATE,2024-09-19 13:06:46
qqGwUdmEMl@mail.ru,DELETE,2024-09-19 04:54:51
JQIQXiKY@ya.ru,UPDATE,2024-09-19 01:24:04
PyGtVF@gmail.com,DELETE,2024-09-19 05:20:26
vqEZJHoXTQEn@gmail.com,DELETE,2024-09-19 05:32:27
JQIQXiKY@ya.ru,DELETE,2024-09-19 21:29:27
oAbIL@mail.ru,READ,2024-09-19 12:51:39
vqEZJHoXTQEn@gmail.com,READ,2024-09-19 10:13:32
BLHFd@ya.ru,READ,2024-09-19 22:26:04
vqEZJHoXTQEn@gmail.com,DELETE,2024-09-19 05:09:09
vZtnzh@gmail.com,READ,2024-09-19 11:56:00
JQIQXiKY@ya.ru,DELETE,2024-09-19 11:41:53
PyGtVF@gmail.com,CREATE,2024-09-19 07:53:30
oAbIL@mail.ru,CREATE,2024-09-19 01:14:02
lHjcR@ya.ru,UPDATE,2024-09-19 07:27:01
oAbIL@mail.ru,CREATE,2024-09-19 13:46:51
ioFEDePcH@ya.ru,CREATE,2024-09-19 14:49:11
PyGtVF@gmail.com,DELETE,2024-09-19 14:16:54
oAbIL@mail.ru,CREATE,2024-09-19 05:02:32
BLHFd@ya.ru,DELETE,2024-09-19 01:17:02
zSfQCVUpMOsvtX@mail.ru,READ,2024-09-19 01:24:55
vZtnzh@gmail.com,READ,2024-09-19 04:10:35
BLHFd@ya.ru,DELETE,2024-09-19 03:51:57
oAbIL@mail.ru,CREATE,2024-09-19 07:06:20
PyGtVF@gmail.com,UPDATE,2024-09-19 17:54:57
lHjcR@ya.ru,CREATE,2024-09-19 03:16:42
JQIQXiKY@ya.ru,UPDATE,2024-09-19 15:16:09
zSfQCVUpMOsvtX@mail.ru,READ,2024-09-19 13:10:53
PyGtVF@gmail.com,CREATE,2024-09-19 18:54:27
oAbIL@mail.ru,CREATE,2024-09-19 03:46:38
vZtnzh@gmail.com,CREATE,2024-09-19 00:59:05
zSfQCVUpMOsvtX@mail.ru,DELETE,2024-09-19 21:06:36
PyGtVF@gmail.com,DELETE,2024-09-19 02:44:54
BLHFd@ya.ru,CREATE,2024-09-19 11:18:20
PyGtVF@gmail.com,READ,2024-09-19 20:35:57
vqEZJHoXTQEn@gmail.com,DELETE,2024-09-19 18:04:04
oAbIL@mail.ru,READ,2024-09-19 04:23:02
BLHFd@ya.ru,DELETE,2024-09-19 01:22:39
vZtnzh@gmail.com,DELETE,2024-09-19 15:55:35
vZtnzh@gmail.com,DELETE,2024-09-19 15:19:16
vqEZJHoXTQEn@gmail.com,READ,2024-09-19 10:01:48
vqEZJHoXTQEn@gmail.com,READ,2024-09-19 16:18:41
lHjcR@ya.ru,CREATE,2024-09-19 09:59:52
lHjcR@ya.ru,UPDATE,2024-09-19 06:40:26
qqGwUdmEMl@mail.ru,UPDATE,2024-09-19 16:48:08
qqGwUdmEMl@mail.ru,UPDATE,2024-09-19 11:30:40
BLHFd@ya.ru,READ,2024-09-19 14:30:56
ioFEDePcH@ya.ru,DELETE,2024-09-19 05:40:57
JQIQXiKY@ya.ru,UPDATE,2024-09-19 10:11:08
JQIQXiKY@ya.ru,READ,2024-09-19 21:25:36
JQIQXiKY@ya.ru,UPDATE,2024-09-19 18:13:57
oAbIL@mail.ru,READ,2024-09-19 11:11:34
qqGwUdmEMl@mail.ru,DELETE,2024-09-19 05:55:42
BLHFd@ya.ru,DELETE,2024-09-19 03:30:35
BLHFd@ya.ru,UPDATE,2024-09-19 18:16:45
lHjcR@ya.ru,UPDATE,2024-09-19 19:18:35
zSfQCVUpMOsvtX@mail.ru,READ,2024-09-19 03:33:29
vZtnzh@gmail.com,CREATE,2024-09-19 13:59:44
oAbIL@mail.ru,READ,2024-09-19 00:33:29
zSfQCVUpMOsvtX@mail.ru,CREATE,2024-09-19 14:45:14
vqEZJHoXTQEn@gmail.com,DELETE,2024-09-19 00:06:47
ioFEDePcH@ya.ru,DELETE,2024-09-19 03:38:50
oAbIL@mail.ru,CREATE,2024-09-19 00:29:20
vqEZJHoXTQEn@gmail.com,UPDATE,2024-09-19 00:53:49
JQIQXiKY@ya.ru,UPDATE,2024-09-19 07:01:51
PyGtVF@gmail.com,DELETE,2024-09-19 10:20:17
lHjcR@ya.ru,CREATE,2024-09-19 15:36:12
vZtnzh@gmail.com,DELETE,2024-09-19 11:44:19
oAbIL@mail.ru,DELETE,2024-09-19 13:14:19
BLHFd@ya.ru,UPDATE,2024-09-19 01:48:38
qqGwUdmEMl@mail.ru,UPDATE,2024-09-19 20:08:47
qqGwUdmEMl@mail.ru,READ,2024-09-19 12:18:45
ioFEDePcH@ya.ru,READ,2024-09-19 19:28:31
BLHFd@ya.ru,UPDATE,2024-09-19 15:23:33
ioFEDePcH@ya.ru,DELETE,2024-09-19 22:55:13
PyGtVF@gmail.com,DELETE,2024-09-19 09:18:40
PyGtVF@gmail.com,UPDATE,2024-09-19 08:55:31
qqGwUdmEMl@mail.ru,READ,2024-09-19 23:46:38
vqEZJHoXTQEn@gmail.com,CREATE,2024-09-19 11:10:39
qqGwUdmEMl@mail.ru,DELETE,2024-09-19 11:28:21
lHjcR@ya.ru,CREATE,2024-09-19 03:29:08
qqGwUdmEMl@mail.ru,CREATE,2024-09-19 09:25:53
BLHFd@ya.ru,UPDATE,2024-09-19 07:02:21
JQIQXiKY@ya.ru,UPDATE,2024-09-19 18:49:23
vZtnzh@gmail.com,READ,2024-09-19 10:27:59
BLHFd@ya.ru,UPDATE,2024-09-19 22:57:06
vqEZJHoXTQEn@gmail.com,CREATE,2024-09-19 05:15:44
vqEZJHoXTQEn@gmail.com,UPDATE,2024-09-19 04:49:29
vZtnzh@gmail.com,CREATE,2024-09-19 02:34:14
vZtnzh@gmail.com,DELETE,2024-09-19 05:21:52
BLHFd@ya.ru,CREATE,2024-09-19 21:22:22
vZtnzh@gmail.com,CREATE,2024-09-19 15:55:24
PyGtVF@gmail.com,CREATE,2024-09-19 05:58:42
PyGtVF@gmail.com,UPDATE,2024-09-19 02:56:21
vZtnzh@gmail.com,READ,2024-09-19 09:38:42
zSfQCVUpMOsvtX@mail.ru,UPDATE,2024-09-19 07:49:23
zSfQCVUpMOsvtX@mail.ru,UPDATE,2024-09-19 11:46:30
PyGtVF@gmail.com,CREATE,2024-09-19 16:58:26
PyGtVF@gmail.com,CREATE,2024-09-19 22:07:36
oAbIL@mail.ru,DELETE,2024-09-19 11:46:49
zSfQCVUpMOsvtX@mail.ru,READ,2024-09-19 06:45:16
lHjcR@ya.ru,DELETE,2024-09-19 07:47:23
PyGtVF@gmail.com,DELETE,2024-09-19 19:49:59
oAbIL@mail.ru,UPDATE,2024-09-19 10:01:37
vqEZJHoXTQEn@gmail.com,DELETE,2024-09-19 04:28:06
lHjcR@ya.ru,CREATE,2024-09-19 21:52:31
oAbIL@mail.ru,READ,2024-09-19 09:26:34
JQIQXiKY@ya.ru,DELETE,2024-09-19 15:57:49
BLHFd@ya.ru,DELETE,2024-09-19 19:29:32
lHjcR@ya.ru,READ,2024-09-19 17:39:51
vZtnzh@gmail.com,UPDATE,2024-09-19 11:18:51
oAbIL@mail.ru,UPDATE,2024-09-19 11:14:46
JQIQXiKY@ya.ru,READ,2024-09-19 04:21:35
ioFEDePcH@ya.ru,DELETE,2024-09-19 04:50:06
qqGwUdmEMl@mail.ru,CREATE,2024-09-19 02:59:32
ioFEDePcH@ya.ru,UPDATE,2024-09-19 02:13:11
qqGwUdmEMl@mail.ru,READ,2024-09-19 12:04:13
oAbIL@mail.ru,CREATE,2024-09-19 01:47:08
oAbIL@mail.ru,CREATE,2024-09-19 14:28:38
JQIQXiKY@ya.ru,READ,2024-09-19 17:12:30
vZtnzh@gmail.com,READ,2024-09-19 21:03:07
qqGwUdmEMl@mail.ru,READ,2024-09-19 03:20:49
JQIQXiKY@ya.ru,DELETE,2024-09-19 19:20:08
qqGwUdmEMl@mail.ru,DELETE,2024-09-19 22:31:50
oAbIL@mail.ru,CREATE,2024-09-19 00:38:09
vZtnzh@gmail.com,DELETE,2024-09-19 09:53:57
BLHFd@ya.ru,UPDATE,2024-09-19 14:40:27
ioFEDePcH@ya.ru,DELETE,2024-09-19 23:16:24
oAbIL@mail.ru,UPDATE,2024-09-19 00:06:37
PyGtVF@gmail.com,CREATE,2024-09-19 11:31:13
PyGtVF@gmail.com,CREATE,2024-09-19 00:08:11
oAbIL@mail.ru,READ,2024-09-19 13:17:12
qqGwUdmEMl@mail.ru,READ,2024-09-19 16:20:04
JQIQXiKY@ya.ru,READ,2024-09-19 02:41:34
PyGtVF@gmail.com,UPDATE,2024-09-19 15:09:27
JQIQXiKY@ya.ru,READ,2024-09-19 09:19:32
BLHFd@ya.ru,READ,2024-09-19 07:20:48
BLHFd@ya.ru,DELETE,2024-09-19 10:09:45
BLHFd@ya.ru,READ,2024-09-19 09:17:44
zSfQCVUpMOsvtX@mail.ru,UPDATE,2024-09-19 14:06:18
ioFEDePcH@ya.ru,READ,2024-09-19 16:09:33
JQIQXiKY@ya.ru,READ,2024-09-19 23:37:58
vqEZJHoXTQEn@gmail.com,READ,2024-09-19 19:57:34
qqGwUdmEMl@mail.ru,DELETE,2024-09-19 14:36:21
PyGtVF@gmail.com,UPDATE,2024-09-19 04:48:11
vqEZJHoXTQEn@gmail.com,DELETE,2024-09-19 02:45:27
BLHFd@ya.ru,DELETE,2024-09-19 20:53:06
vqEZJHoXTQEn@gmail.com,UPDATE,2024-09-19 15:02:23
zSfQCVUpMOsvtX@mail.ru,UPDATE,2024-09-19 23:15:35
qqGwUdmEMl@mail.ru,UPDATE,2024-09-19 01:15:24
oAbIL@mail.ru,DELETE,2024-09-19 16:18:16
vqEZJHoXTQEn@gmail.com,CREATE,2024-09-19 19:42:30
qqGwUdmEMl@mail.ru,DELETE,2024-09-19 22:11:59
ioFEDePcH@ya.ru,DELETE,2024-09-19 00:43:44
vZtnzh@gmail.com,DELETE,2024-09-19 11:09:28
qqGwUdmEMl@mail.ru,CREATE,2024-09-19 02:00:50
qqGwUdmEMl@mail.ru,READ,2024-09-19 10:42:59
zSfQCVUpMOsvtX@mail.ru,DELETE,2024-09-19 04:47:03
JQIQXiKY@ya.ru,CREATE,2024-09-19 08:48:26
vqEZJHoXTQEn@gmail.com,DELETE,2024-09-19 22:02:30
qqGwUdmEMl@mail.ru,CREATE,2024-09-19 21:45:35
vqEZJHoXTQEn@gmail.com,DELETE,2024-09-19 07:14:23
PyGtVF@gmail.com,CREATE,2024-09-19 09:09:13
qqGwUdmEMl@mail.ru,CREATE,2024-09-19 04:53:46
vqEZJHoXTQEn@gmail.com,DELETE,2024-09-19 04:17:03
BLHFd@ya.ru,DELETE,2024-09-19 09:18:15
lHjcR@ya.ru,UPDATE,2024-09-19 18:34:53
vZtnzh@gmail.com,READ,2024-09-19 22:37:43
vqEZJHoXTQEn@gmail.com,CREATE,2024-09-19 23:43:31
qqGwUdmEMl@mail.ru,UPDATE,2024-09-19 22:48:29
oAbIL@mail.ru,DELETE,2024-09-19 06:13:05
vZtnzh@gmail.com,CREATE,2024-09-19 04:32:54
JQIQXiKY@ya.ru,UPDATE,2024-09-19 18:37:54
ioFEDePcH@ya.ru,UPDATE,2024-09-19 08:29:42
zSfQCVUpMOsvtX@mail.ru,READ,2024-09-19 18:28:01
JQIQXiKY@ya.ru,UPDATE,2024-09-19 07:59:46
vZtnzh@gmail.com,CREATE,2024-09-19 18:51:34
ioFEDePcH@ya.ru,READ,2024-09-19 02:04:56
zSfQCVUpMOsvtX@mail.ru,READ,2024-09-19 17:35:20
PyGtVF@gmail.com,DELETE,2024-09-19 22:23:55
qqGwUdmEMl@mail.ru,CREATE,2024-09-19 17:07:32
oAbIL@mail.ru,DELETE,2024-09-19 08:33:18
BLHFd@ya.ru,DELETE,2024-09-19 18:02:14
PyGtVF@gmail.com,CREATE,2024-09-19 22:27:09
BLHFd@ya.ru,UPDATE,2024-09-19 21:01:59
BLHFd@ya.ru,UPDATE,2024-09-19 08:24:05
vqEZJHoXTQEn@gmail.com,UPDATE,2024-09-19 09:18:01
BLHFd@ya.ru,UPDATE,2024-09-19 13:13:53
ioFEDePcH@ya.ru,UPDATE,2024-09-19 19:14:22
vZtnzh@gmail.com,CREATE,2024-09-19 03:07:44
qqGwUdmEMl@mail.ru,DELETE,2024-09-19 11:06:34
zSfQCVUpMOsvtX@mail.ru,UPDATE,2024-09-19 21:26:10
lHjcR@ya.ru,CREATE,2024-09-19 08:36:23
vZtnzh@gmail.com,CREATE,2024-09-19 15:37:10
vqEZJHoXTQEn@gmail.com,UPDATE,2024-09-19 04:55:55
PyGtVF@gmail.com,CREATE,2024-09-19 12:46:15
PyGtVF@gmail.com,UPDATE,2024-09-19 15:37:50
lHjcR@ya.ru,CREATE,2024-09-19 00:45:30
BLHFd@ya.ru,READ,2024-09-19 21:41:23
BLHFd@ya.ru,UPDATE,2024-09-19 04:33:26
vZtnzh@gmail.com,CREATE,2024-09-19 18:46:01
oAbIL@mail.ru,CREATE,2024-09-19 14:35:39
vqEZJHoXTQEn@gmail.com,DELETE,2024-09-19 22:52:46
ioFEDePcH@ya.ru,UPDATE,2024-09-19 20:31:44
oAbIL@mail.ru,DELETE,2024-09-19 18:41:59
oAbIL@mail.ru,DELETE,2024-09-19 11:28:16
lHjcR@ya.ru,CREATE,2024-09-19 20:06:30
vqEZJHoXTQEn@gmail.com,DELETE,2024-09-19 01:40:54
vZtnzh@gmail.com,DELETE,2024-09-19 01:56:40
lHjcR@ya.ru,UPDATE,2024-09-19 02:07:17
oAbIL@mail.ru,CREATE,2024-09-19 23:58:16
oAbIL@mail.ru,DELETE,2024-09-19 06:10:25
JQIQXiKY@ya.ru,READ,2024-09-19 16:36:58
ioFEDePcH@ya.ru,DELETE,2024-09-19 17:23:54
BLHFd@ya.ru,UPDATE,2024-09-19 11:14:34
PyGtVF@gmail.com,CREATE,2024-09-19 05:30:13
zSfQCVUpMOsvtX@mail.ru,CREATE,2024-09-19 15:18:55
qqGwUdmEMl@mail.ru,CREATE,2024-09-19 00:34:10
zSfQCVUpMOsvtX@mail.ru,CREATE,2024-09-19 07:02:42
PyGtVF@gmail.com,CREATE,2024-09-19 05:38:26
vqEZJHoXTQEn@gmail.com,CREATE,2024-09-19 17:57:31
lHjcR@ya.ru,DELETE,2024-09-19 13:13:19
oAbIL@mail.ru,DELETE,2024-09-19 13:15:09
PyGtVF@gmail.com,CREATE,2024-09-19 02:19:54
vqEZJHoXTQEn@gmail.com,READ,2024-09-19 12:25:31
zSfQCVUpMOsvtX@mail.ru,UPDATE,2024-09-19 18:32:26
zSfQCVUpMOsvtX@mail.ru,DELETE,2024-09-19 23:43:07
qqGwUdmEMl@mail.ru,DELETE,2024-09-19 23:52:46
lHjcR@ya.ru,CREATE,2024-09-19 23:40:01
qqGwUdmEMl@mail.ru,UPDATE,2024-09-19 20:00:03
vZtnzh@gmail.com,UPDATE,2024-09-19 13:59:41
qqGwUdmEMl@mail.ru,READ,2024-09-19 13:44:53
vZtnzh@gmail.com,DELETE,2024-09-19 22:40:56
PyGtVF@gmail.com,DELETE,2024-09-19 10:21:47
vqEZJHoXTQEn@gmail.com,UPDATE,2024-09-19 16:11:07
JQIQXiKY@ya.ru,UPDATE,2024-09-19 15:24:23
qqGwUdmEMl@mail.ru,DELETE,2024-09-19 13:14:30
ioFEDePcH@ya.ru,READ,2024-09-19 03:02:24
BLHFd@ya.ru,READ,2024-09-19 02:16:35
PyGtVF@gmail.com,CREATE,2024-09-19 05:32:47
vZtnzh@gmail.com,UPDATE,2024-09-19 18:28:20
ioFEDePcH@ya.ru,UPDATE,2024-09-19 08:17:26
qqGwUdmEMl@mail.ru,READ,2024-09-19 16:08:10
lHjcR@ya.ru,CREATE,2024-09-19 18:14:12
vZtnzh@gmail.com,UPDATE,2024-09-19 12:40:01
PyGtVF@gmail.com,DELETE,2024-09-19 10:06:35
zSfQCVUpMOsvtX@mail.ru,UPDATE,2024-09-19 06:19:24
qqGwUdmEMl@mail.ru,CREATE,2024-09-19 08:29:13
qqGwUdmEMl@mail.ru,CREATE,2024-09-19 13:31:01
BLHFd@ya.ru,CREATE,2024-09-19 17:00:44
JQIQXiKY@ya.ru,DELETE,2024-09-19 16:51:44
PyGtVF@gmail.com,DELETE,2024-09-19 10:24:29
ioFEDePcH@ya.ru,READ,2024-09-19 12:05:45
vZtnzh@gmail.com,CREATE,2024-09-19 07:00:27
zSfQCVUpMOsvtX@mail.ru,READ,2024-09-19 10:01:49
ioFEDePcH@ya.ru,DELETE,2024-09-19 18:50:53
BLHFd@ya.ru,CREATE,2024-09-19 07:46:59
JQIQXiKY@ya.ru,CREATE,2024-09-19 02:06:03
PyGtVF@gmail.com,READ,2024-09-19 13:01:24
ioFEDePcH@ya.ru,CREATE,2024-09-19 11:09:24
zSfQCVUpMOsvtX@mail.ru,CREATE,2024-09-19 16:26:22
vqEZJHoXTQEn@gmail.com,DELETE,2024-09-19 09:42:11
qqGwUdmEMl@mail.ru,READ,2024-09-19 07:37:51
ioFEDePcH@ya.ru,DELETE,2024-09-19 03:23:06
ioFEDePcH@ya.ru,CREATE,2024-09-19 11:16:07
PyGtVF@gmail.com,CREATE,2024-09-19 01:12:05
oAbIL@mail.ru,CREATE,2024-09-19 00:59:11
qqGwUdmEMl@mail.ru,CREATE,2024-09-19 12:47:24
oAbIL@mail.ru,CREATE,2024-09-19 17:15:17
PyGtVF@gmail.com,CREATE,2024-09-19 15:58:29
ioFEDePcH@ya.ru,DELETE,2024-09-19 08:54:47
lHjcR@ya.ru,DELETE,2024-09-19 00:46:35
vqEZJHoXTQEn@gmail.com,DELETE,2024-09-19 18:48:54
lHjcR@ya.ru,READ,2024-09-19 04:33:35
PyGtVF@gmail.com,READ,2024-09-19 03:25:49
PyGtVF@gmail.com,UPDATE,2024-09-19 16:38:48
BLHFd@ya.ru,READ,2024-09-19 22:09:18
oAbIL@mail.ru,READ,2024-09-19 08:55:46
vZtnzh@gmail.com,READ,2024-09-19 09:57:52
lHjcR@ya.ru,CREATE,2024-09-19 00:28:16
JQIQXiKY@ya.ru,DELETE,2024-09-19 22:24:25
vZtnzh@gmail.com,UPDATE,2024-09-19 19:42:51
ioFEDePcH@ya.ru,DELETE,2024-09-19 17:16:13
ioFEDePcH@ya.ru,DELETE,2024-09-19 02:26:44
vZtnzh@gmail.com,CREATE,2024-09-19 12:51:35
lHjcR@ya.ru,READ,2024-09-19 08:17:54
JQIQXiKY@ya.ru,DELETE,2024-09-19 18:32:32
zSfQCVUpMOsvtX@mail.ru,UPDATE,2024-09-19 20:35:04
BLHFd@ya.ru,CREATE,2024-09-19 18:32:58
qqGwUdmEMl@mail.ru,UPDATE,2024-09-19 18:32:24
vZtnzh@gmail.com,CREATE,2024-09-19 12:20:22
vZtnzh@gmail.com,UPDATE,2024-09-19 17:03:47
qqGwUdmEMl@mail.ru,UPDATE,2024-09-19 20:18:41
zSfQCVUpMOsvtX@mail.ru,DELETE,2024-09-19 08:49:19
ioFEDePcH@ya.ru,CREATE,2024-09-19 23:58:01
lHjcR@ya.ru,READ,2024-09-19 03:28:36
ioFEDePcH@ya.ru,DELETE,2024-09-19 21:16:46
vZtnzh@gmail.com,DELETE,2024-09-19 04:41:34
zSfQCVUpMOsvtX@mail.ru,UPDATE,2024-09-19 09:08:44
zSfQCVUpMOsvtX@mail.ru,CREATE,2024-09-19 03:54:08
PyGtVF@gmail.com,CREATE,2024-09-19 07:42:31
zSfQCVUpMOsvtX@mail.ru,UPDATE,2024-09-19 16:16:59
vqEZJHoXTQEn@gmail.com,CREATE,2024-09-19 08:35:36
vqEZJHoXTQEn@gmail.com,READ,2024-09-19 01:23:32
zSfQCVUpMOsvtX@mail.ru,READ,2024-09-19 05:49:21
ioFEDePcH@ya.ru,DELETE,2024-09-19 14:58:33
lHjcR@ya.ru,READ,2024-09-19 07:48:27
BLHFd@ya.ru,DELETE,2024-09-19 12:19:17
vqEZJHoXTQEn@gmail.com,UPDATE,2024-09-19 16:11:06
JQIQXiKY@ya.ru,UPDATE,2024-09-19 07:20:53
ioFEDePcH@ya.ru,UPDATE,2024-09-19 12:12:04
ioFEDePcH@ya.ru,READ,2024-09-19 21:55:04
JQIQXiKY@ya.ru,CREATE,2024-09-19 06:01:25
JQIQXiKY@ya.ru,READ,2024-09-19 09:13:38
BLHFd@ya.ru,UPDATE,2024-09-19 03:39:54
PyGtVF@gmail.com,CREATE,2024-09-19 14:14:47
zSfQCVUpMOsvtX@mail.ru,UPDATE,2024-09-19 10:53:54
qqGwUdmEMl@mail.ru,DELETE,2024-09-19 06:28:32
BLHFd@ya.ru,UPDATE,2024-09-19 07:39:56
ioFEDePcH@ya.ru,CREATE,2024-09-19 04:45:33
PyGtVF@gmail.com,READ,2024-09-19 23:19:03
lHjcR@ya.ru,DELETE,2024-09-19 20:11:37
zSfQCVUpMOsvtX@mail.ru,READ,2024-09-19 15:25:19
PyGtVF@gmail.com,CREATE,2024-09-19 03:30:05
BLHFd@ya.ru,CREATE,2024-09-19 11:20:57
vZtnzh@gmail.com,UPDATE,2024-09-19 21:19:30
zSfQCVUpMOsvtX@mail.ru,DELETE,2024-09-19 10:01:37
BLHFd@ya.ru,DELETE,2024-09-19 00:45:51
lHjcR@ya.ru,READ,2024-09-19 07:41:44
vqEZJHoXTQEn@gmail.com,READ,2024-09-19 09:34:35
vqEZJHoXTQEn@gmail.com,DELETE,2024-09-19 20:21:25
ioFEDePcH@ya.ru,CREATE,2024-09-19 08:05:42
JQIQXiKY@ya.ru,CREATE,2024-09-19 05:47:23
vZtnzh@gmail.com,DELETE,2024-09-19 07:14:41
PyGtVF@gmail.com,READ,2024-09-19 17:19:26
BLHFd@ya.ru,DELETE,2024-09-19 08:53:21
lHjcR@ya.ru,READ,2024-09-19 05:39:26
zSfQCVUpMOsvtX@mail.ru,READ,2024-09-19 21:46:38
vqEZJHoXTQEn@gmail.com,CREATE,2024-09-19 02:22:53
zSfQCVUpMOsvtX@mail.ru,DELETE,2024-09-19 22:34:28
oAbIL@mail.ru,CREATE,2024-09-19 13:40:04
vqEZJHoXTQEn@gmail.com,UPDATE,2024-09-19 11:12:32
oAbIL@mail.ru,UPDATE,2024-09-19 23:26:08
vZtnzh@gmail.com,READ,2024-09-19 13:30:09
vqEZJHoXTQEn@gmail.com,DELETE,2024-09-19 02:15:16
ioFEDePcH@ya.ru,CREATE,2024-09-19 23:48:24
oAbIL@mail.ru,CREATE,2024-09-19 19:10:45
lHjcR@ya.ru,DELETE,2024-09-19 22:36:14
JQIQXiKY@ya.ru,READ,2024-09-19 02:07:55
JQIQXiKY@ya.ru,DELETE,2024-09-19 07:18:31
lHjcR@ya.ru,CREATE,2024-09-19 13:33:21
zSfQCVUpMOsvtX@mail.ru,CREATE,2024-09-19 14:29:17
vqEZJHoXTQEn@gmail.com,CREATE,2024-09-19 10:19:16
BLHFd@ya.ru,DELETE,2024-09-19 02:21:01
PyGtVF@gmail.com,READ,2024-09-19 14:53:19
BLHFd@ya.ru,UPDATE,2024-09-19 02:44:03
PyGtVF@gmail.com,READ,2024-09-19 19:10:46
PyGtVF@gmail.com,UPDATE,2024-09-19 15:34:47
PyGtVF@gmail.com,CREATE,2024-09-19 15:06:59
PyGtVF@gmail.com,UPDATE,2024-09-19 07:07:48
zSfQCVUpMOsvtX@mail.ru,DELETE,2024-09-19 17:37:48
lHjcR@ya.ru,READ,2024-09-19 21:02:20
vZtnzh@gmail.com,READ,2024-09-19 21:26:05
ioFEDePcH@ya.ru,READ,2024-09-19 22:31:57
oAbIL@mail.ru,DELETE,2024-09-19 04:22:46
qqGwUdmEMl@mail.ru,READ,2024-09-19 10:12:20
qqGwUdmEMl@mail.ru,DELETE,2024-09-19 14:52:14
vqEZJHoXTQEn@gmail.com,CREATE,2024-09-19 15:31:58
JQIQXiKY@ya.ru,UPDATE,2024-09-19 20:39:08
ioFEDePcH@ya.ru,READ,2024-09-19 14:05:54
vZtnzh@gmail.com,CREATE,2024-09-19 17:59:00
oAbIL@mail.ru,CREATE,2024-09-19 14:15:34
PyGtVF@gmail.com,DELETE,2024-09-19 22:15:53
lHjcR@ya.ru,CREATE,2024-09-19 03:01:45
qqGwUdmEMl@mail.ru,READ,2024-09-19 05:06:13
qqGwUdmEMl@mail.ru,UPDATE,2024-09-19 21:57:36
qqGwUdmEMl@mail.ru,DELETE,2024-09-19 11:14:35
ioFEDePcH@ya.ru,DELETE,2024-09-19 21:49:34
lHjcR@ya.ru,READ,2024-09-19 00:46:32
zSfQCVUpMOsvtX@mail.ru,CREATE,2024-09-19 16:02:52
PyGtVF@gmail.com,READ,2024-09-19 18:50:44
ioFEDePcH@ya.ru,READ,2024-09-19 15:47:57
vZtnzh@gmail.com,READ,2024-09-19 02:16:49
BLHFd@ya.ru,CREATE,2024-09-19 00:23:07
zSfQCVUpMOsvtX@mail.ru,CREATE,2024-09-19 08:28:23
BLHFd@ya.ru,UPDATE,2024-09-19 21:16:11
lHjcR@ya.ru,UPDATE,2024-09-19 22:35:48
PyGtVF@gmail.com,READ,2024-09-19 15:14:02
JQIQXiKY@ya.ru,UPDATE,2024-09-19 01:16:38
vZtnzh@gmail.com,READ,2024-09-19 23:17:24
oAbIL@mail.ru,DELETE,2024-09-19 02:32:09
vqEZJHoXTQEn@gmail.com,UPDATE,2024-09-19 19:35:23
qqGwUdmEMl@mail.ru,CREATE,2024-09-19 06:10:06
vqEZJHoXTQEn@gmail.com,READ,2024-09-19 05:17:30
BLHFd@ya.ru,UPDATE,2024-09-19 07:44:17
ioFEDePcH@ya.ru,READ,2024-09-19 06:16:19
lHjcR@ya.ru,DELETE,2024-09-19 09:12:59
BLHFd@ya.ru,READ,2024-09-19 00:33:12
JQIQXiKY@ya.ru,CREATE,2024-09-19 05:31:06
BLHFd@ya.ru,READ,2024-09-19 18:09:54
ioFEDePcH@ya.ru,CREATE,2024-09-19 18:17:56
vqEZJHoXTQEn@gmail.com,UPDATE,2024-09-19 21:19:22
zSfQCVUpMOsvtX@mail.ru,UPDATE,2024-09-19 16:24:28
BLHFd@ya.ru,DELETE,2024-09-19 06:03:26
BLHFd@ya.ru,DELETE,2024-09-19 18:03:52
vZtnzh@gmail.com,READ,2024-09-19 15:59:19
lHjcR@ya.ru,DELETE,2024-09-19 11:35:13
zSfQCVUpMOsvtX@mail.ru,CREATE,2024-09-19 12:29:48
ioFEDePcH@ya.ru,DELETE,2024-09-19 09:30:06
oAbIL@mail.ru,CREATE,2024-09-19 01:46:24
PyGtVF@gmail.com,CREATE,2024-09-19 06:04:05
lHjcR@ya.ru,READ,2024-09-19 21:45:01
lHjcR@ya.ru,READ,2024-09-19 02:47:31
zSfQCVUpMOsvtX@mail.ru,READ,2024-09-19 01:11:41
lHjcR@ya.ru,DELETE,2024-09-19 00:11:07
qqGwUdmEMl@mail.ru,CREATE,2024-09-19 02:35:38
zSfQCVUpMOsvtX@mail.ru,READ,2024-09-19 10:43:07
vqEZJHoXTQEn@gmail.com,READ,2024-09-19 15:47:43
BLHFd@ya.ru,DELETE,2024-09-19 13:44:03
PyGtVF@gmail.com,DELETE,2024-09-19 08:32:21
JQIQXiKY@ya.ru,UPDATE,2024-09-19 16:04:07
JQIQXiKY@ya.ru,DELETE,2024-09-19 06:13:13
lHjcR@ya.ru,DELETE,2024-09-19 13:14:19
JQIQXiKY@ya.ru,CREATE,2024-09-19 05:28:33
ioFEDePcH@ya.ru,READ,2024-09-19 17:34:29
JQIQXiKY@ya.ru,CREATE,2024-09-19 11:27:21
vqEZJHoXTQEn@gmail.com,CREATE,2024-09-19 14:43:39
oAbIL@mail.ru,UPDATE,2024-09-19 07:15:13
BLHFd@ya.ru,CREATE,2024-09-19 13:07:40
BLHFd@ya.ru,UPDATE,2024-09-19 09:02:37
BLHFd@ya.ru,DELETE,2024-09-19 18:03:27
lHjcR@ya.ru,DELETE,2024-09-19 16:32:42
BLHFd@ya.ru,DELETE,2024-09-19 02:59:22
vqEZJHoXTQEn@gmail.com,READ,2024-09-19 12:43:57
vZtnzh@gmail.com,DELETE,2024-09-19 09:30:38
vqEZJHoXTQEn@gmail.com,READ,2024-09-19 14:34:52
PyGtVF@gmail.com,DELETE,2024-09-19 12:02:37
zSfQCVUpMOsvtX@mail.ru,DELETE,2024-09-19 02:36:43
vqEZJHoXTQEn@gmail.com,READ,2024-09-19 21:26:15
lHjcR@ya.ru,DELETE,2024-09-19 05:41:04
JQIQXiKY@ya.ru,DELETE,2024-09-19 04:03:15
qqGwUdmEMl@mail.ru,CREATE,2024-09-19 12:49:54
PyGtVF@gmail.com,READ,2024-09-19 14:46:23
oAbIL@mail.ru,DELETE,2024-09-19 09:28:10
qqGwUdmEMl@mail.ru,READ,2024-09-19 14:49:47
zSfQCVUpMOsvtX@mail.ru,READ,2024-09-19 03:48:51
BLHFd@ya.ru,UPDATE,2024-09-19 08:58:59
qqGwUdmEMl@mail.ru,DELETE,2024-09-19 14:25:59
PyGtVF@gmail.com,UPDATE,2024-09-19 23:51:00
qqGwUdmEMl@mail.ru,DELETE,2024-09-19 05:56:25
qqGwUdmEMl@mail.ru,READ,2024-09-19 21:33:48
JQIQXiKY@ya.ru,READ,2024-09-19 03:12:27
oAbIL@mail.ru,CREATE,2024-09-19 07:54:36
lHjcR@ya.ru,DELETE,2024-09-19 11:57:47
vZtnzh@gmail.com,UPDATE,2024-09-19 10:49:09
oAbIL@mail.ru,DELETE,2024-09-19 18:44:46
lHjcR@ya.ru,UPDATE,2024-09-19 18:39:37
vqEZJHoXTQEn@gmail.com,DELETE,2024-09-19 03:43:03
qqGwUdmEMl@mail.ru,DELETE,2024-09-19 09:29:21
BLHFd@ya.ru,CREATE,2024-09-19 12:59:29
BLHFd@ya.ru,CREATE,2024-09-19 09:37:45
qqGwUdmEMl@mail.ru,DELETE,2024-09-19 06:26:15
PyGtVF@gmail.com,UPDATE,2024-09-19 18:27:59
vqEZJHoXTQEn@gmail.com,DELETE,2024-09-19 11:01:55
PyGtVF@gmail.com,CREATE,2024-09-19 00:05:04
lHjcR@ya.ru,READ,2024-09-19 02:51:51
vZtnzh@gmail.com,READ,2024-09-19 21:41:16
BLHFd@ya.ru,DELETE,2024-09-19 17:57:32
BLHFd@ya.ru,DELETE,2024-09-19 15:24:41
vZtnzh@gmail.com,DELETE,2024-09-19 02:48:11
JQIQXiKY@ya.ru,READ,2024-09-19 05:57:35
JQIQXiKY@ya.ru,READ,2024-09-19 04:35:48
zSfQCVUpMOsvtX@mail.ru,CREATE,2024-09-19 00:38:32
ioFEDePcH@ya.ru,DELETE,2024-09-19 06:48:51
zSfQCVUpMOsvtX@mail.ru,UPDATE,2024-09-19 02:56:06
PyGtVF@gmail.com,DELETE,2024-09-19 06:09:15
oAbIL@mail.ru,DELETE,2024-09-19 16:24:05
PyGtVF@gmail.com,UPDATE,2024-09-19 03:10:14
lHjcR@ya.ru,UPDATE,2024-09-19 12:06:57
lHjcR@ya.ru,READ,2024-09-19 17:20:56
zSfQCVUpMOsvtX@mail.ru,READ,2024-09-19 07:15:27
vZtnzh@gmail.com,UPDATE,2024-09-19 05:57:41
vZtnzh@gmail.com,DELETE,2024-09-19 10:08:48
BLHFd@ya.ru,UPDATE,2024-09-19 20:49:49
JQIQXiKY@ya.ru,CREATE,2024-09-19 05:06:10
vqEZJHoXTQEn@gmail.com,READ,2024-09-19 12:35:59
zSfQCVUpMOsvtX@mail.ru,CREATE,2024-09-19 00:50:17
BLHFd@ya.ru,DELETE,2024-09-19 18:34:32
zSfQCVUpMOsvtX@mail.ru,READ,2024-09-19 22:31:29
BLHFd@ya.ru,CREATE,2024-09-19 19:21:43
lHjcR@ya.ru,DELETE,2024-09-19 12:15:36
vqEZJHoXTQEn@gmail.com,DELETE,2024-09-19 12:30:37
qqGwUdmEMl@mail.ru,UPDATE,2024-09-19 12:37:28
vqEZJHoXTQEn@gmail.com,READ,2024-09-19 18:41:50
oAbIL@mail.ru,READ,2024-09-19 03:28:52
ioFEDePcH@ya.ru,CREATE,2024-09-19 14:54:24
ioFEDePcH@ya.ru,READ,2024-09-19 19:50:32
PyGtVF@gmail.com,DELETE,2024-09-19 17:35:51
lHjcR@ya.ru,DELETE,2024-09-19 16:23:30
oAbIL@mail.ru,DELETE,2024-09-19 01:28:03
vqEZJHoXTQEn@gmail.com,CREATE,2024-09-19 01:59:33
oAbIL@mail.ru,UPDATE,2024-09-19 00:43:55
ioFEDePcH@ya.ru,UPDATE,2024-09-19 23:43:20
qqGwUdmEMl@mail.ru,CREATE,2024-09-19 08:41:52
zSfQCVUpMOsvtX@mail.ru,DELETE,2024-09-19 23:00:47
ioFEDePcH@ya.ru,READ,2024-09-19 05:27:44
ioFEDePcH@ya.ru,DELETE,2024-09-19 18:05:55
vqEZJHoXTQEn@gmail.com,DELETE,2024-09-19 03:38:58
BLHFd@ya.ru,DELETE,2024-09-19 05:46:13
PyGtVF@gmail.com,UPDATE,2024-09-19 14:58:47
BLHFd@ya.ru,UPDATE,2024-09-19 10:46:00
PyGtVF@gmail.com,CREATE,2024-09-19 23:49:00
PyGtVF@gmail.com,DELETE,2024-09-19 06:29:56
BLHFd@ya.ru,UPDATE,2024-09-19 22:10:17
lHjcR@ya.ru,READ,2024-09-19 21:56:04
BLHFd@ya.ru,CREATE,2024-09-19 20:46:16
BLHFd@ya.ru,UPDATE,2024-09-19 20:01:58
lHjcR@ya.ru,UPDATE,2024-09-19 23:42:40
zSfQCVUpMOsvtX@mail.ru,READ,2024-09-19 16:24:47
qqGwUdmEMl@mail.ru,READ,2024-09-19 23:36:10
vZtnzh@gmail.com,UPDATE,2024-09-19 19:55:10
lHjcR@ya.ru,READ,2024-09-19 21:23:42
qqGwUdmEMl@mail.ru,READ,2024-09-19 22:36:53
vZtnzh@gmail.com,READ,2024-09-19 18:50:59
vqEZJHoXTQEn@gmail.com,CREATE,2024-09-19 08:07:23
lHjcR@ya.ru,CREATE,2024-09-19 03:22:02
oAbIL@mail.ru,READ,2024-09-19 20:52:37
PyGtVF@gmail.com,DELETE,2024-09-19 13:37:02
lHjcR@ya.ru,CREATE,2024-09-19 19:24:02
lHjcR@ya.ru,UPDATE,2024-09-19 22:06:42
vqEZJHoXTQEn@gmail.com,CREATE,2024-09-19 09:56:13
qqGwUdmEMl@mail.ru,UPDATE,2024-09-19 15:49:28
ioFEDePcH@ya.ru,CREATE,2024-09-19 09:38:56
zSfQCVUpMOsvtX@mail.ru,READ,2024-09-19 08:48:50
oAbIL@mail.ru,READ,2024-09-19 16:46:27
qqGwUdmEMl@mail.ru,READ,2024-09-19 14:26:57
vZtnzh@gmail.com,UPDATE,2024-09-19 17:48:09
ioFEDePcH@ya.ru,CREATE,2024-09-19 09:15:32
qqGwUdmEMl@mail.ru,DELETE,2024-09-19 05:33:19
ioFEDePcH@ya.ru,READ,2024-09-19 06:07:46
vqEZJHoXTQEn@gmail.com,DELETE,2024-09-19 19:58:30
JQIQXiKY@ya.ru,CREATE,2024-09-19 20:28:31
lHjcR@ya.ru,READ,2024-09-19 06:31:02
vqEZJHoXTQEn@gmail.com,READ,2024-09-19 15:59:49
zSfQCVUpMOsvtX@mail.ru,READ,2024-09-19 23:50:44
lHjcR@ya.ru,DELETE,2024-09-19 04:01:43
ioFEDePcH@ya.ru,UPDATE,2024-09-19 21:52:20
ioFEDePcH@ya.ru,UPDATE,2024-09-19 14:02:04
qqGwUdmEMl@mail.ru,CREATE,2024-09-19 21:56:05
BLHFd@ya.ru,READ,2024-09-19 18:18:39
zSfQCVUpMOsvtX@mail.ru,CREATE,2024-09-19 13:52:44
JQIQXiKY@ya.ru,READ,2024-09-19 01:10:33
oAbIL@mail.ru,READ,2024-09-19 15:05:38
qqGwUdmEMl@mail.ru,UPDATE,2024-09-19 21:15:21
PyGtVF@gmail.com,CREATE,2024-09-19 22:09:15
PyGtVF@gmail.com,READ,2024-09-19 10:48:52
BLHFd@ya.ru,UPDATE,2024-09-19 14:30:15
qqGwUdmEMl@mail.ru,UPDATE,2024-09-19 10:25:10
zSfQCVUpMOsvtX@mail.ru,UPDATE,2024-09-19 12:03:57
PyGtVF@gmail.com,DELETE,2024-09-19 03:00:12
BLHFd@ya.ru,READ,2024-09-19 11:23:34
vqEZJHoXTQEn@gmail.com,DELETE,2024-09-19 01:17:25
zSfQCVUpMOsvtX@mail.ru,DELETE,2024-09-19 10:58:19
JQIQXiKY@ya.ru,CREATE,2024-09-19 23:00:14
oAbIL@mail.ru,READ,2024-09-19 04:26:49
lHjcR@ya.ru,CREATE,2024-09-19 09:12:11
BLHFd@ya.ru,READ,2024-09-19 13:47:15
ioFEDePcH@ya.ru,UPDATE,2024-09-19 08:12:10
vZtnzh@gmail.com,DELETE,2024-09-19 19:40:10
vZtnzh@gmail.com,CREATE,2024-09-19 02:58:43
oAbIL@mail.ru,CREATE,2024-09-19 11:05:43
JQIQXiKY@ya.ru,CREATE,2024-09-19 07:02:26
qqGwUdmEMl@mail.ru,UPDATE,2024-09-19 13:59:24
vZtnzh@gmail.com,READ,2024-09-19 09:46:31
JQIQXiKY@ya.ru,CREATE,2024-09-19 01:39:21
PyGtVF@gmail.com,READ,2024-09-19 12:27:11
oAbIL@mail.ru,DELETE,2024-09-19 07:05:04
zSfQCVUpMOsvtX@mail.ru,CREATE,2024-09-19 07:17:02
vqEZJHoXTQEn@gmail.com,CREATE,2024-09-19 05:06:12
qqGwUdmEMl@mail.ru,CREATE,2024-09-19 18:05:11
JQIQXiKY@ya.ru,DELETE,2024-09-19 19:59:20
vqEZJHoXTQEn@gmail.com,UPDATE,2024-09-19 11:44:01
BLHFd@ya.ru,CREATE,2024-09-19 17:23:54
ioFEDePcH@ya.ru,DELETE,2024-09-19 18:25:50
PyGtVF@gmail.com,DELETE,2024-09-19 18:10:21
ioFEDePcH@ya.ru,READ,2024-09-19 03:09:51
JQIQXiKY@ya.ru,DELETE,2024-09-19 12:48:38
PyGtVF@gmail.com,READ,2024-09-19 10:06:31
zSfQCVUpMOsvtX@mail.ru,UPDATE,2024-09-19 16:42:48
BLHFd@ya.ru,DELETE,2024-09-19 16:27:02
JQIQXiKY@ya.ru,UPDATE,2024-09-19 18:57:24
JQIQXiKY@ya.ru,READ,2024-09-19 15:49:58
JQIQXiKY@ya.ru,READ,2024-09-19 17:17:31
qqGwUdmEMl@mail.ru,DELETE,2024-09-19 15:08:20
zSfQCVUpMOsvtX@mail.ru,DELETE,2024-09-19 22:37:18
oAbIL@mail.ru,CREATE,2024-09-19 15:01:29
vqEZJHoXTQEn@gmail.com,DELETE,2024-09-19 06:58:53
lHjcR@ya.ru,CREATE,2024-09-19 15:44:30
qqGwUdmEMl@mail.ru,READ,2024-09-19 09:41:10
vZtnzh@gmail.com,CREATE,2024-09-19 21:14:39
BLHFd@ya.ru,CREATE,2024-09-19 05:54:15
PyGtVF@gmail.com,CREATE,2024-09-19 21:10:18
zSfQCVUpMOsvtX@mail.ru,CREATE,2024-09-19 21:40:30
qqGwUdmEMl@mail.ru,CREATE,2024-09-19 09:04:51
zSfQCVUpMOsvtX@mail.ru,UPDATE,2024-09-19 07:20:35
vZtnzh@gmail.com,DELETE,2024-09-19 00:34:04
vZtnzh@gmail.com,CREATE,2024-09-19 13:23:43
PyGtVF@gmail.com,READ,2024-09-19 16:00:48
qqGwUdmEMl@mail.ru,UPDATE,2024-09-19 05:08:25
vqEZJHoXTQEn@gmail.com,UPDATE,2024-09-19 13:35:55
qqGwUdmEMl@mail.ru,DELETE,2024-09-19 13:44:09
PyGtVF@gmail.com,CREATE,2024-09-19 04:09:36
PyGtVF@gmail.com,UPDATE,2024-09-19 23:54:02
ioFEDePcH@ya.ru,CREATE,2024-09-19 01:26:23
vZtnzh@gmail.com,READ,2024-09-19 07:56:29
PyGtVF@gmail.com,UPDATE,2024-09-19 04:42:46
lHjcR@ya.ru,DELETE,2024-09-19 11:32:28
BLHFd@ya.ru,CREATE,2024-09-19 20:49:02
ioFEDePcH@ya.ru,UPDATE,2024-09-19 11:33:52
qqGwUdmEMl@mail.ru,UPDATE,2024-09-19 02:55:06
ioFEDePcH@ya.ru,CREATE,2024-09-19 00:03:23
BLHFd@ya.ru,CREATE,2024-09-19 05:39:57
JQIQXiKY@ya.ru,UPDATE,2024-09-19 03:57:22
vqEZJHoXTQEn@gmail.com,UPDATE,2024-09-19 23:43:43
ioFEDePcH@ya.ru,READ,2024-09-19 17:56:27
vZtnzh@gmail.com,DELETE,2024-09-19 17:47:11
lHjcR@ya.ru,UPDATE,2024-09-19 04:46:13
vZtnzh@gmail.com,UPDATE,2024-09-19 02:30:58
vZtnzh@gmail.com,CREATE,2024-09-19 02:36:56
vqEZJHoXTQEn@gmail.com,CREATE,2024-09-19 12:45:22
lHjcR@ya.ru,CREATE,2024-09-19 17:57:20
JQIQXiKY@ya.ru,UPDATE,2024-09-19 15:39:01
vqEZJHoXTQEn@gmail.com,DELETE,2024-09-19 08:47:26
vqEZJHoXTQEn@gmail.com,DELETE,2024-09-19 13:27:24
oAbIL@mail.ru,READ,2024-09-19 01:38:02
vZtnzh@gmail.com,DELETE,2024-09-19 17:44:27
BLHFd@ya.ru,READ,2024-09-19 21:13:25
BLHFd@ya.ru,CREATE,2024-09-19 16:50:10
JQIQXiKY@ya.ru,READ,2024-09-19 16:16:59
vqEZJHoXTQEn@gmail.com,CREATE,2024-09-19 18:01:53
zSfQCVUpMOsvtX@mail.ru,DELETE,2024-09-19 06:41:58
oAbIL@mail.ru,DELETE,2024-09-19 11:08:18
zSfQCVUpMOsvtX@mail.ru,UPDATE,2024-09-19 18:16:19
JQIQXiKY@ya.ru,DELETE,2024-09-19 15:18:50
vZtnzh@gmail.com,DELETE,2024-09-19 19:57:09
ioFEDePcH@ya.ru,DELETE,2024-09-19 09:59:51
qqGwUdmEMl@mail.ru,READ,2024-09-19 19:40:18
zSfQCVUpMOsvtX@mail.ru,CREATE,2024-09-19 12:51:56
lHjcR@ya.ru,READ,2024-09-19 10:18:15
BLHFd@ya.ru,CREATE,2024-09-19 10:25:19
PyGtVF@gmail.com,UPDATE,2024-09-19 13:06:21
vqEZJHoXTQEn@gmail.com,CREATE,2024-09-19 17:36:10
oAbIL@mail.ru,DELETE,2024-09-19 08:28:44
oAbIL@mail.ru,DELETE,2024-09-19 12:06:19
BLHFd@ya.ru,READ,2024-09-19 18:34:39
BLHFd@ya.ru,READ,2024-09-19 02:59:02
PyGtVF@gmail.com,UPDATE,2024-09-19 01:23:35
oAbIL@mail.ru,READ,2024-09-19 20:35:55
vqEZJHoXTQEn@gmail.com,READ,2024-09-19 07:37:30
PyGtVF@gmail.com,UPDATE,2024-09-19 22:41:21
oAbIL@mail.ru,UPDATE,2024-09-19 21:15:53
zSfQCVUpMOsvtX@mail.ru,UPDATE,2024-09-19 10:32:57
lHjcR@ya.ru,READ,2024-09-19 01:00:23
qqGwUdmEMl@mail.ru,UPDATE,2024-09-19 02:22:56
oAbIL@mail.ru,DELETE,2024-09-19 01:46:52
BLHFd@ya.ru,CREATE,2024-09-19 15:44:18
qqGwUdmEMl@mail.ru,DELETE,2024-09-19 20:41:50
oAbIL@mail.ru,READ,2024-09-19 11:57:42
JQIQXiKY@ya.ru,READ,2024-09-19 00:04:48
vqEZJHoXTQEn@gmail.com,READ,2024-09-19 08:47:10
lHjcR@ya.ru,UPDATE,2024-09-19 09:53:19
lHjcR@ya.ru,CREATE,2024-09-19 07:18:16
oAbIL@mail.ru,UPDATE,2024-09-19 13:53:09
BLHFd@ya.ru,DELETE,2024-09-19 20:53:01
ioFEDePcH@ya.ru,READ,2024-09-19 20:04:14
qqGwUdmEMl@mail.ru,UPDATE,2024-09-19 04:06:38
qqGwUdmEMl@mail.ru,DELETE,2024-09-19 21:33:37
PyGtVF@gmail.com,READ,2024-09-19 18:57:55
lHjcR@ya.ru,DELETE,2024-09-19 05:31:42
vqEZJHoXTQEn@gmail.com,READ,2024-09-19 07:23:29
vqEZJHoXTQEn@gmail.com,UPDATE,2024-09-19 21:58:04
qqGwUdmEMl@mail.ru,UPDATE,2024-09-19 14:31:04
zSfQCVUpMOsvtX@mail.ru,UPDATE,2024-09-19 16:05:13
oAbIL@mail.ru,CREATE,2024-09-19 16:05:38
vZtnzh@gmail.com,UPDATE,2024-09-19 23:18:17
zSfQCVUpMOsvtX@mail.ru,UPDATE,2024-09-19 16:05:49
vZtnzh@gmail.com,DELETE,2024-09-19 11:56:33
lHjcR@ya.ru,CREATE,2024-09-19 17:20:57
oAbIL@mail.ru,CREATE,2024-09-19 13:57:59
vqEZJHoXTQEn@gmail.com,DELETE,2024-09-19 01:03:46
ioFEDePcH@ya.ru,CREATE,2024-09-19 23:33:01
oAbIL@mail.ru,CREATE,2024-09-19 00:42:44
BLHFd@ya.ru,CREATE,2024-09-19 17:25:59
ioFEDePcH@ya.ru,DELETE,2024-09-19 09:41:47
PyGtVF@gmail.com,DELETE,2024-09-19 01:00:48
PyGtVF@gmail.com,READ,2024-09-19 09:47:05
vZtnzh@gmail.com,READ,2024-09-19 15:04:12
vZtnzh@gmail.com,DELETE,2024-09-19 16:05:49
vZtnzh@gmail.com,CREATE,2024-09-19 17:54:20
lHjcR@ya.ru,CREATE,2024-09-19 11:03:03
vZtnzh@gmail.com,READ,2024-09-19 13:42:58
vZtnzh@gmail.com,UPDATE,2024-09-19 08:27:52
vqEZJHoXTQEn@gmail.com,CREATE,2024-09-19 10:55:26
lHjcR@ya.ru,CREATE,2024-09-19 09:00:42
vZtnzh@gmail.com,DELETE,2024-09-19 10:50:53
vZtnzh@gmail.com,READ,2024-09-19 07:40:20
qqGwUdmEMl@mail.ru,READ,2024-09-19 06:33:09
JQIQXiKY@ya.ru,UPDATE,2024-09-19 03:43:25
oAbIL@mail.ru,UPDATE,2024-09-19 12:05:16
qqGwUdmEMl@mail.ru,READ,2024-09-19 14:37:22
vqEZJHoXTQEn@gmail.com,CREATE,2024-09-19 15:37:11
JQIQXiKY@ya.ru,DELETE,2024-09-19 18:34:30
vqEZJHoXTQEn@gmail.com,READ,2024-09-19 04:09:58
zSfQCVUpMOsvtX@mail.ru,UPDATE,2024-09-19 18:51:14
zSfQCVUpMOsvtX@mail.ru,CREATE,2024-09-19 06:22:29
BLHFd@ya.ru,UPDATE,2024-09-19 07:03:14
PyGtVF@gmail.com,CREATE,2024-09-19 09:23:47
JQIQXiKY@ya.ru,READ,2024-09-19 11:33:50
ioFEDePcH@ya.ru,UPDATE,2024-09-19 03:37:54
ioFEDePcH@ya.ru,CREATE,2024-09-19 14:08:00
ioFEDePcH@ya.ru,READ,2024-09-19 17:08:27
vqEZJHoXTQEn@gmail.com,UPDATE,2024-09-19 18:06:35
lHjcR@ya.ru,READ,2024-09-19 13:58:03
ioFEDePcH@ya.ru,DELETE,2024-09-19 21:07:54
BLHFd@ya.ru,DELETE,2024-09-19 08:06:05
qqGwUdmEMl@mail.ru,READ,2024-09-19 19:58:25
PyGtVF@gmail.com,UPDATE,2024-09-19 18:03:46
BLHFd@ya.ru,READ,2024-09-19 04:43:45
qqGwUdmEMl@mail.ru,UPDATE,2024-09-19 13:10:12
lHjcR@ya.ru,UPDATE,2024-09-19 05:21:20
qqGwUdmEMl@mail.ru,CREATE,2024-09-19 08:05:44
lHjcR@ya.ru,CREATE,2024-09-19 14:26:28
lHjcR@ya.ru,CREATE,2024-09-19 18:20:09
JQIQXiKY@ya.ru,READ,2024-09-19 04:06:05
JQIQXiKY@ya.ru,CREATE,2024-09-19 05:45:10
vqEZJHoXTQEn@gmail.com,DELETE,2024-09-19 08:14:52
lHjcR@ya.ru,CREATE,2024-09-19 07:53:35
BLHFd@ya.ru,CREATE,2024-09-19 17:12:38
vZtnzh@gmail.com,CREATE,2024-09-19 08:23:39
zSfQCVUpMOsvtX@mail.ru,DELETE,2024-09-19 23:17:26
vqEZJHoXTQEn@gmail.com,READ,2024-09-19 18:12:03
vqEZJHoXTQEn@gmail.com,UPDATE,2024-09-19 10:32:43
qqGwUdmEMl@mail.ru,READ,2024-09-19 04:01:33
zSfQCVUpMOsvtX@mail.ru,CREATE,2024-09-19 02:41:33
lHjcR@ya.ru,UPDATE,2024-09-19 01:06:01
BLHFd@ya.ru,READ,2024-09-19 05:22:47
oAbIL@mail.ru,READ,2024-09-19 08:56:30
zSfQCVUpMOsvtX@mail.ru,READ,2024-09-19 13:50:58
ioFEDePcH@ya.ru,UPDATE,2024-09-19 21:55:03
BLHFd@ya.ru,UPDATE,2024-09-19 15:41:22
lHjcR@ya.ru,DELETE,2024-09-19 06:29:43
PyGtVF@gmail.com,CREATE,2024-09-19 06:55:25
vZtnzh@gmail.com,CREATE,2024-09-19 17:34:50
lHjcR@ya.ru,CREATE,2024-09-19 00:54:48
vZtnzh@gmail.com,DELETE,2024-09-19 13:31:45
JQIQXiKY@ya.ru,DELETE,2024-09-19 13:21:18
JQIQXiKY@ya.ru,DELETE,2024-09-19 13:59:10
PyGtVF@gmail.com,DELETE,2024-09-19 22:27:25
oAbIL@mail.ru,UPDATE,2024-09-19 05:21:50
vqEZJHoXTQEn@gmail.com,UPDATE,2024-09-19 11:06:03
lHjcR@ya.ru,DELETE,2024-09-19 22:46:20
lHjcR@ya.ru,DELETE,2024-09-19 09:24:54
vqEZJHoXTQEn@gmail.com,UPDATE,2024-09-19 07:59:24
lHjcR@ya.ru,DELETE,2024-09-19 17:03:58
vqEZJHoXTQEn@gmail.com,UPDATE,2024-09-19 15:28:59
zSfQCVUpMOsvtX@mail.ru,UPDATE,2024-09-19 11:40:56
BLHFd@ya.ru,UPDATE,2024-09-19 18:35:42
BLHFd@ya.ru,CREATE,2024-09-19 19:06:17
lHjcR@ya.ru,CREATE,2024-09-19 23:20:25
lHjcR@ya.ru,DELETE,2024-09-19 18:46:07
ioFEDePcH@ya.ru,UPDATE,2024-09-19 07:46:46
PyGtVF@gmail.com,UPDATE,2024-09-19 07:19:42
lHjcR@ya.ru,DELETE,2024-09-19 15:09:55
ioFEDePcH@ya.ru,CREATE,2024-09-19 07:46:10
zSfQCVUpMOsvtX@mail.ru,DELETE,2024-09-19 11:19:09
vqEZJHoXTQEn@gmail.com,READ,2024-09-19 05:04:09
vqEZJHoXTQEn@gmail.com,DELETE,2024-09-19 03:03:00
vqEZJHoXTQEn@gmail.com,READ,2024-09-19 19:02:39
oAbIL@mail.ru,READ,2024-09-19 12:39:59
qqGwUdmEMl@mail.ru,UPDATE,2024-09-19 18:30:36
ioFEDePcH@ya.ru,UPDATE,2024-09-19 02:56:04
BLHFd@ya.ru,READ,2024-09-19 14:40:57
BLHFd@ya.ru,CREATE,2024-09-19 04:07:44
JQIQXiKY@ya.ru,UPDATE,2024-09-19 12:34:44
vZtnzh@gmail.com,CREATE,2024-09-19 08:22:01
vZtnzh@gmail.com,READ,2024-09-19 17:48:06
vZtnzh@gmail.com,READ,2024-09-19 14:47:17
vZtnzh@gmail.com,UPDATE,2024-09-19 11:38:47
PyGtVF@gmail.com,READ,2024-09-19 07:47:07
JQIQXiKY@ya.ru,READ,2024-09-19 14:15:08
ioFEDePcH@ya.ru,READ,2024-09-19 17:07:10
BLHFd@ya.ru,CREATE,2024-09-19 18:16:40
zSfQCVUpMOsvtX@mail.ru,READ,2024-09-19 22:54:44
vqEZJHoXTQEn@gmail.com,DELETE,2024-09-19 08:11:42
PyGtVF@gmail.com,UPDATE,2024-09-19 05:36:04
vqEZJHoXTQEn@gmail.com,READ,2024-09-19 19:43:19
ioFEDePcH@ya.ru,DELETE,2024-09-19 05:49:09
lHjcR@ya.ru,READ,2024-09-19 13:48:02
lHjcR@ya.ru,CREATE,2024-09-19 09:37:52
oAbIL@mail.ru,CREATE,2024-09-19 16:20:31
PyGtVF@gmail.com,UPDATE,2024-09-19 11:36:59
qqGwUdmEMl@mail.ru,CREATE,2024-09-19 19:29:22
vqEZJHoXTQEn@gmail.com,UPDATE,2024-09-19 15:39:57
zSfQCVUpMOsvtX@mail.ru,READ,2024-09-19 14:40:29
vZtnzh@gmail.com,READ,2024-09-19 15:16:46
PyGtVF@gmail.com,READ,2024-09-19 16:49:30
ioFEDePcH@ya.ru,UPDATE,2024-09-19 11:15:52
ioFEDePcH@ya.ru,DELETE,2024-09-19 09:43:26
JQIQXiKY@ya.ru,UPDATE,2024-09-19 15:55:53
lHjcR@ya.ru,CREATE,2024-09-19 04:13:51
vZtnzh@gmail.com,READ,2024-09-19 16:20:12
ioFEDePcH@ya.ru,DELETE,2024-09-19 08:55:06
vZtnzh@gmail.com,READ,2024-09-19 18:34:18
lHjcR@ya.ru,DELETE,2024-09-19 16:07:24
vqEZJHoXTQEn@gmail.com,READ,2024-09-19 02:24:03
lHjcR@ya.ru,DELETE,2024-09-19 09:29:20
vZtnzh@gmail.com,CREATE,2024-09-19 21:08:45
qqGwUdmEMl@mail.ru,DELETE,2024-09-19 14:23:43
BLHFd@ya.ru,CREATE,2024-09-19 02:23:32
BLHFd@ya.ru,UPDATE,2024-09-19 04:26:31
JQIQXiKY@ya.ru,UPDATE,2024-09-19 16:26:51
PyGtVF@gmail.com,CREATE,2024-09-19 11:22:44
BLHFd@ya.ru,CREATE,2024-09-19 01:17:01
oAbIL@mail.ru,CREATE,2024-09-19 23:04:32
oAbIL@mail.ru,CREATE,2024-09-19 06:56:01
zSfQCVUpMOsvtX@mail.ru,DELETE,2024-09-19 01:54:18
vZtnzh@gmail.com,UPDATE,2024-09-19 18:36:06
oAbIL@mail.ru,CREATE,2024-09-19 09:10:07
zSfQCVUpMOsvtX@mail.ru,CREATE,2024-09-19 14:04:56
lHjcR@ya.ru,CREATE,2024-09-19 20:45:46
BLHFd@ya.ru,DELETE,2024-09-19 07:32:41
qqGwUdmEMl@mail.ru,READ,2024-09-19 01:23:12
ioFEDePcH@ya.ru,UPDATE,2024-09-19 10:55:04
qqGwUdmEMl@mail.ru,READ,2024-09-19 02:10:51
BLHFd@ya.ru,READ,2024-09-19 06:57:09
PyGtVF@gmail.com,CREATE,2024-09-19 10:07:43
oAbIL@mail.ru,CREATE,2024-09-19 22:05:03
lHjcR@ya.ru,DELETE,2024-09-19 17:56:16
BLHFd@ya.ru,DELETE,2024-09-19 22:36:26
oAbIL@mail.ru,UPDATE,2024-09-19 19:52:55
oAbIL@mail.ru,READ,2024-09-19 23:17:13
oAbIL@mail.ru,READ,2024-09-19 15:10:57
oAbIL@mail.ru,DELETE,2024-09-19 19:47:38
BLHFd@ya.ru,UPDATE,2024-09-19 23:54:35
qqGwUdmEMl@mail.ru,UPDATE,2024-09-19 10:33:06
lHjcR@ya.ru,DELETE,2024-09-19 00:00:58
PyGtVF@gmail.com,CREATE,2024-09-19 15:46:20
PyGtVF@gmail.com,READ,2024-09-19 22:56:52
zSfQCVUpMOsvtX@mail.ru,DELETE,2024-09-19 10:53:35
ioFEDePcH@ya.ru,CREATE,2024-09-19 23:05:37
oAbIL@mail.ru,CREATE,2024-09-19 20:02:46
ioFEDePcH@ya.ru,UPDATE,2024-09-19 13:24:15
qqGwUdmEMl@mail.ru,DELETE,2024-09-19 09:23:20
JQIQXiKY@ya.ru,UPDATE,2024-09-19 15:08:19
vqEZJHoXTQEn@gmail.com,UPDATE,2024-09-19 05:23:30
PyGtVF@gmail.com,DELETE,2024-09-19 12:22:26
BLHFd@ya.ru,UPDATE,2024-09-19 11:56:25
ioFEDePcH@ya.ru,CREATE,2024-09-19 09:36:06
vZtnzh@gmail.com,CREATE,2024-09-19 13:46:53
BLHFd@ya.ru,UPDATE,2024-09-19 02:31:23
lHjcR@ya.ru,DELETE,2024-09-19 08:24:51
vZtnzh@gmail.com,READ,2024-09-19 13:10:48
lHjcR@ya.ru,READ,2024-09-19 23:22:09
vqEZJHoXTQEn@gmail.com,CREATE,2024-09-19 22:13:02
BLHFd@ya.ru,UPDATE,2024-09-19 15:39:50
lHjcR@ya.ru,UPDATE,2024-09-19 23:31:28
PyGtVF@gmail.com,DELETE,2024-09-19 17:54:11
oAbIL@mail.ru,DELETE,2024-09-19 11:23:58
oAbIL@mail.ru,READ,2024-09-19 21:53:48
oAbIL@mail.ru,CREATE,2024-09-19 15:47:15
vZtnzh@gmail.com,CREATE,2024-09-19 07:42:18
BLHFd@ya.ru,DELETE,2024-09-19 06:36:43
BLHFd@ya.ru,UPDATE,2024-09-19 05:27:58
JQIQXiKY@ya.ru,CREATE,2024-09-19 11:14:16
lHjcR@ya.ru,READ,2024-09-19 13:25:49
qqGwUdmEMl@mail.ru,DELETE,2024-09-19 05:41:37
BLHFd@ya.ru,CREATE,2024-09-19 17:28:15
lHjcR@ya.ru,UPDATE,2024-09-19 15:23:41
JQIQXiKY@ya.ru,READ,2024-09-19 04:32:37
vqEZJHoXTQEn@gmail.com,DELETE,2024-09-19 19:02:38
vZtnzh@gmail.com,DELETE,2024-09-19 10:29:31
PyGtVF@gmail.com,CREATE,2024-09-19 11:10:21
vZtnzh@gmail.com,CREATE,2024-09-19 19:03:45
PyGtVF@gmail.com,UPDATE,2024-09-19 23:29:55
oAbIL@mail.ru,READ,2024-09-19 10:30:52
ioFEDePcH@ya.ru,UPDATE,2024-09-19 22:59:30
PyGtVF@gmail.com,CREATE,2024-09-19 11:12:35
JQIQXiKY@ya.ru,DELETE,2024-09-19 19:09:08
lHjcR@ya.ru,READ,2024-09-19 14:17:03
BLHFd@ya.ru,UPDATE,2024-09-19 15:05:13
qqGwUdmEMl@mail.ru,CREATE,2024-09-19 11:20:55
JQIQXiKY@ya.ru,CREATE,2024-09-19 18:29:33
PyGtVF@gmail.com,DELETE,2024-09-19 08:23:09
vZtnzh@gmail.com,DELETE,2024-09-19 00:28:28
ioFEDePcH@ya.ru,READ,2024-09-19 14:38:20
ioFEDePcH@ya.ru,DELETE,2024-09-19 23:59:28
BLHFd@ya.ru,DELETE,2024-09-19 11:20:18
PyGtVF@gmail.com,DELETE,2024-09-19 22:43:56
qqGwUdmEMl@mail.ru,DELETE,2024-09-19 17:16:21
ioFEDePcH@ya.ru,CREATE,2024-09-19 23:30:39
zSfQCVUpMOsvtX@mail.ru,READ,2024-09-19 04:59:12
qqGwUdmEMl@mail.ru,UPDATE,2024-09-19 22:11:27
vZtnzh@gmail.com,CREATE,2024-09-19 12:59:56
vZtnzh@gmail.com,READ,2024-09-19 14:51:28
ioFEDePcH@ya.ru,DELETE,2024-09-19 15:50:18
JQIQXiKY@ya.ru,UPDATE,2024-09-19 03:10:14
ioFEDePcH@ya.ru,CREATE,2024-09-19 15:10:40
zSfQCVUpMOsvtX@mail.ru,READ,2024-09-19 21:25:38
qqGwUdmEMl@mail.ru,UPDATE,2024-09-19 03:03:56
zSfQCVUpMOsvtX@mail.ru,UPDATE,2024-09-19 19:40:25
JQIQXiKY@ya.ru,DELETE,2024-09-19 00:44:26
zSfQCVUpMOsvtX@mail.ru,DELETE,2024-09-19 19:20:17
PyGtVF@gmail.com,DELETE,2024-09-19 05:24:26
BLHFd@ya.ru,DELETE,2024-09-19 18:47:04
vZtnzh@gmail.com,DELETE,2024-09-19 07:35:25
BLHFd@ya.ru,DELETE,2024-09-19 09:51:06
PyGtVF@gmail.com,UPDATE,2024-09-19 02:36:57
PyGtVF@gmail.com,UPDATE,2024-09-19 01:01:16
vqEZJHoXTQEn@gmail.com,CREATE,2024-09-19 13:25:50
BLHFd@ya.ru,READ,2024-09-19 04:10:45
vZtnzh@gmail.com,UPDATE,2024-09-19 12:25:20
oAbIL@mail.ru,UPDATE,2024-09-19 07:52:31
ioFEDePcH@ya.ru,CREATE,2024-09-19 02:29:40
vZtnzh@gmail.com,DELETE,2024-09-19 23:40:05
JQIQXiKY@ya.ru,READ,2024-09-19 01:21:23
ioFEDePcH@ya.ru,UPDATE,2024-09-19 09:34:03
vZtnzh@gmail.com,READ,2024-09-19 09:32:50
vZtnzh@gmail.com,CREATE,2024-09-19 14:50:22
PyGtVF@gmail.com,UPDATE,2024-09-19 10:44:04
vqEZJHoXTQEn@gmail.com,DELETE,2024-09-19 10:31:16
ioFEDePcH@ya.ru,UPDATE,2024-09-19 00:55:51
qqGwUdmEMl@mail.ru,DELETE,2024-09-19 12:28:40
JQIQXiKY@ya.ru,CREATE,2024-09-19 01:26:39
lHjcR@ya.ru,UPDATE,2024-09-19 20:50:12
lHjcR@ya.ru,DELETE,2024-09-19 20:53:02
vqEZJHoXTQEn@gmail.com,READ,2024-09-19 07:43:13
vZtnzh@gmail.com,READ,2024-09-19 08:00:42
ioFEDePcH@ya.ru,CREATE,2024-09-19 19:52:20
zSfQCVUpMOsvtX@mail.ru,DELETE,2024-09-19 11:12:56
PyGtVF@gmail.com,DELETE,2024-09-19 23:51:57
vZtnzh@gmail.com,CREATE,2024-09-19 20:37:20
JQIQXiKY@ya.ru,CREATE,2024-09-19 21:45:29
BLHFd@ya.ru,DELETE,2024-09-19 18:32:40
PyGtVF@gmail.com,READ,2024-09-19 19:28:36
zSfQCVUpMOsvtX@mail.ru,CREATE,2024-09-19 14:29:42
lHjcR@ya.ru,CREATE,2024-09-19 02:05:41
oAbIL@mail.ru,CREATE,2024-09-19 15:43:26
lHjcR@ya.ru,UPDATE,2024-09-19 21:29:32
PyGtVF@gmail.com,DELETE,2024-09-19 01:35:27
zSfQCVUpMOsvtX@mail.ru,UPDATE,2024-09-19 02:50:56
ioFEDePcH@ya.ru,UPDATE,2024-09-19 07:24:41
qqGwUdmEMl@mail.ru,CREATE,2024-09-19 09:25:04
lHjcR@ya.ru,UPDATE,2024-09-19 18:33:05
lHjcR@ya.ru,READ,2024-09-19 04:55:15
ioFEDePcH@ya.ru,DELETE,2024-09-19 17:21:40
vZtnzh@gmail.com,DELETE,2024-09-19 22:02:50
lHjcR@ya.ru,DELETE,2024-09-19 17:41:50
vqEZJHoXTQEn@gmail.com,READ,2024-09-19 02:16:01
qqGwUdmEMl@mail.ru,READ,2024-09-19 06:03:46
vZtnzh@gmail.com,READ,2024-09-19 15:39:46
lHjcR@ya.ru,UPDATE,2024-09-19 06:10:47
ioFEDePcH@ya.ru,CREATE,2024-09-19 14:07:52
PyGtVF@gmail.com,DELETE,2024-09-19 10:26:25
qqGwUdmEMl@mail.ru,DELETE,2024-09-19 02:23:59
JQIQXiKY@ya.ru,DELETE,2024-09-19 06:12:33
vZtnzh@gmail.com,DELETE,2024-09-19 12:39:53
vqEZJHoXTQEn@gmail.com,DELETE,2024-09-19 03:25:41
vqEZJHoXTQEn@gmail.com,DELETE,2024-09-19 08:51:23
oAbIL@mail.ru,DELETE,2024-09-19 04:30:09
PyGtVF@gmail.com,DELETE,2024-09-19 18:02:26
zSfQCVUpMOsvtX@mail.ru,READ,2024-09-19 07:08:11
ioFEDePcH@ya.ru,UPDATE,2024-09-19 12:07:23
qqGwUdmEMl@mail.ru,CREATE,2024-09-19 10:39:05
BLHFd@ya.ru,CREATE,2024-09-19 07:32:47
lHjcR@ya.ru,READ,2024-09-19 00:54:14
lHjcR@ya.ru,CREATE,2024-09-19 08:57:27
PyGtVF@gmail.com,READ,2024-09-19 04:50:31
vZtnzh@gmail.com,UPDATE,2024-09-19 12:08:39
vZtnzh@gmail.com,CREATE,2024-09-19 03:36:30
vZtnzh@gmail.com,CREATE,2024-09-19 19:58:15
ioFEDePcH@ya.ru,READ,2024-09-19 15:30:59
qqGwUdmEMl@mail.ru,CREATE,2024-09-19 15:45:37
BLHFd@ya.ru,UPDATE,2024-09-19 05:35:48
ioFEDePcH@ya.ru,CREATE,2024-09-19 07:09:11
oAbIL@mail.ru,DELETE,2024-09-19 14:04:20
lHjcR@ya.ru,CREATE,2024-09-19 21:09:35
ioFEDePcH@ya.ru,READ,2024-09-19 00:19:48
BLHFd@ya.ru,UPDATE,2024-09-19 20:40:39
vZtnzh@gmail.com,DELETE,2024-09-19 18:37:04
vZtnzh@gmail.com,DELETE,2024-09-19 00:21:27
lHjcR@ya.ru,UPDATE,2024-09-19 18:57:21
BLHFd@ya.ru,DELETE,2024-09-19 21:52:25
JQIQXiKY@ya.ru,CREATE,2024-09-19 16:51:54
lHjcR@ya.ru,CREATE,2024-09-19 20:27:51
vqEZJHoXTQEn@gmail.com,DELETE,2024-09-19 13:21:48
zSfQCVUpMOsvtX@mail.ru,CREATE,2024-09-19 23:55:29
JQIQXiKY@ya.ru,READ,2024-09-19 19:13:01
qqGwUdmEMl@mail.ru,UPDATE,2024-09-19 18:53:54
BLHFd@ya.ru,CREATE,2024-09-19 11:43:59
oAbIL@mail.ru,READ,2024-09-19 19:43:00
JQIQXiKY@ya.ru,DELETE,2024-09-19 10:09:02
ioFEDePcH@ya.ru,READ,2024-09-19 01:12:16
BLHFd@ya.ru,CREATE,2024-09-19 05:05:30
vqEZJHoXTQEn@gmail.com,READ,2024-09-19 16:02:47
ioFEDePcH@ya.ru,CREATE,2024-09-19 21:25:26
zSfQCVUpMOsvtX@mail.ru,DELETE,2024-09-19 06:37:40
vZtnzh@gmail.com,CREATE,2024-09-19 22:40:04
ioFEDePcH@ya.ru,CREATE,2024-09-19 12:19:04
JQIQXiKY@ya.ru,UPDATE,2024-09-19 16:48:32
oAbIL@mail.ru,UPDATE,2024-09-19 00:10:29
vZtnzh@gmail.com,READ,2024-09-19 12:04:09
zSfQCVUpMOsvtX@mail.ru,CREATE,2024-09-19 19:58:39
lHjcR@ya.ru,READ,2024-09-19 15:49:51
PyGtVF@gmail.com,READ,2024-09-19 01:35:38
vqEZJHoXTQEn@gmail.com,READ,2024-09-19 05:07:48
vqEZJHoXTQEn@gmail.com,UPDATE,2024-09-19 16:10:56
vqEZJHoXTQEn@gmail.com,READ,2024-09-19 03:57:15
zSfQCVUpMOsvtX@mail.ru,READ,2024-09-19 07:32:50
BLHFd@ya.ru,READ,2024-09-19 08:12:12
qqGwUdmEMl@mail.ru,UPDATE,2024-09-19 17:47:23
ioFEDePcH@ya.ru,UPDATE,2024-09-19 12:53:02
JQIQXiKY@ya.ru,DELETE,2024-09-19 23:23:34
JQIQXiKY@ya.ru,READ,2024-09-19 12:46:24
BLHFd@ya.ru,UPDATE,2024-09-19 05:52:15
oAbIL@mail.ru,READ,2024-09-19 13:00:29
JQIQXiKY@ya.ru,READ,2024-09-19 12:03:26
oAbIL@mail.ru,CREATE,2024-09-19 23:59:53
vqEZJHoXTQEn@gmail.com,READ,2024-09-19 01:36:29
JQIQXiKY@ya.ru,DELETE,2024-09-19 11:15:22
zSfQCVUpMOsvtX@mail.ru,UPDATE,2024-09-19 21:05:22
zSfQCVUpMOsvtX@mail.ru,CREATE,2024-09-19 03:40:14
lHjcR@ya.ru,DELETE,2024-09-19 17:54:27
ioFEDePcH@ya.ru,READ,2024-09-19 00:01:04
oAbIL@mail.ru,READ,2024-09-19 04:16:22
lHjcR@ya.ru,READ,2024-09-19 09:04:35
zSfQCVUpMOsvtX@mail.ru,READ,2024-09-19 14:02:09
PyGtVF@gmail.com,READ,2024-09-19 02:08:23
BLHFd@ya.ru,CREATE,2024-09-19 17:28:39
BLHFd@ya.ru,UPDATE,2024-09-19 21:57:16
vZtnzh@gmail.com,UPDATE,2024-09-19 07:51:10
JQIQXiKY@ya.ru,READ,2024-09-19 19:09:01
PyGtVF@gmail.com,UPDATE,2024-09-19 18:54:50
lHjcR@ya.ru,DELETE,2024-09-19 02:26:43
vqEZJHoXTQEn@gmail.com,CREATE,2024-09-19 08:47:46
vqEZJHoXTQEn@gmail.com,CREATE,2024-09-19 20:03:06
JQIQXiKY@ya.ru,UPDATE,2024-09-19 05:23:14
vZtnzh@gmail.com,CREATE,2024-09-19 13:31:44
PyGtVF@gmail.com,UPDATE,2024-09-19 18:17:37
vqEZJHoXTQEn@gmail.com,READ,2024-09-19 11:52:04
BLHFd@ya.ru,READ,2024-09-19 11:52:18
oAbIL@mail.ru,UPDATE,2024-09-19 07:07:58
qqGwUdmEMl@mail.ru,DELETE,2024-09-19 04:13:14
BLHFd@ya.ru,READ,2024-09-19 20:27:42
vZtnzh@gmail.com,READ,2024-09-19 11:23:39
BLHFd@ya.ru,CREATE,2024-09-19 14:22:40
ioFEDePcH@ya.ru,UPDATE,2024-09-19 21:48:46
vqEZJHoXTQEn@gmail.com,DELETE,2024-09-19 07:38:14
BLHFd@ya.ru,READ,2024-09-19 22:19:07
PyGtVF@gmail.com,UPDATE,2024-09-19 02:03:41
ioFEDePcH@ya.ru,UPDATE,2024-09-19 20:25:25
oAbIL@mail.ru,READ,2024-09-19 17:57:48
ioFEDePcH@ya.ru,READ,2024-09-19 16:23:20
PyGtVF@gmail.com,UPDATE,2024-09-19 20:46:11
vqEZJHoXTQEn@gmail.com,UPDATE,2024-09-19 05:31:12
PyGtVF@gmail.com,UPDATE,2024-09-19 05:11:07
JQIQXiKY@ya.ru,UPDATE,2024-09-19 23:20:51
lHjcR@ya.ru,DELETE,2024-09-19 03:25:58
BLHFd@ya.ru,UPDATE,2024-09-19 18:08:46
oAbIL@mail.ru,CREATE,2024-09-19 20:08:30
BLHFd@ya.ru,DELETE,2024-09-19 14:20:16
qqGwUdmEMl@mail.ru,CREATE,2024-09-19 16:26:53
ioFEDePcH@ya.ru,UPDATE,2024-09-19 19:43:46
ioFEDePcH@ya.ru,CREATE,2024-09-19 09:34:32
JQIQXiKY@ya.ru,DELETE,2024-09-19 00:21:33
ioFEDePcH@ya.ru,READ,2024-09-19 01:55:24
JQIQXiKY@ya.ru,UPDATE,2024-09-19 19:56:02
ioFEDePcH@ya.ru,CREATE,2024-09-19 18:09:55
BLHFd@ya.ru,READ,2024-09-19 17:48:54
vZtnzh@gmail.com,READ,2024-09-19 22:15:00
JQIQXiKY@ya.ru,CREATE,2024-09-19 06:58:58
lHjcR@ya.ru,READ,2024-09-19 05:17:24
JQIQXiKY@ya.ru,DELETE,2024-09-19 18:41:46
ioFEDePcH@ya.ru,CREATE,2024-09-19 12:07:12
PyGtVF@gmail.com,READ,2024-09-19 14:38:57
zSfQCVUpMOsvtX@mail.ru,READ,2024-09-19 11:07:12
zSfQCVUpMOsvtX@mail.ru,READ,2024-09-19 22:26:05
vZtnzh@gmail.com,DELETE,2024-09-19 02:46:56
JQIQXiKY@ya.ru,CREATE,2024-09-19 10:26:08
BLHFd@ya.ru,CREATE,2024-09-19 09:43:44
PyGtVF@gmail.com,READ,2024-09-19 08:13:53
JQIQXiKY@ya.ru,READ,2024-09-19 17:32:00
PyGtVF@gmail.com,CREATE,2024-09-19 05:16:01
vqEZJHoXTQEn@gmail.com,DELETE,2024-09-19 01:17:22
oAbIL@mail.ru,CREATE,2024-09-19 10:27:37
zSfQCVUpMOsvtX@mail.ru,DELETE,2024-09-19 16:23:58
lHjcR@ya.ru,DELETE,2024-09-19 07:05:39
oAbIL@mail.ru,READ,2024-09-19 22:13:05
qqGwUdmEMl@mail.ru,READ,2024-09-19 01:50:32
vqEZJHoXTQEn@gmail.com,DELETE,2024-09-19 17:28:31
JQIQXiKY@ya.ru,CREATE,2024-09-19 02:30:07
vZtnzh@gmail.com,READ,2024-09-19 05:14:25
lHjcR@ya.ru,READ,2024-09-19 03:30:07
vqEZJHoXTQEn@gmail.com,READ,2024-09-19 01:55:07
vqEZJHoXTQEn@gmail.com,DELETE,2024-09-19 20:38:32
ioFEDePcH@ya.ru,UPDATE,2024-09-19 23:48:05
lHjcR@ya.ru,READ,2024-09-19 12:58:29
zSfQCVUpMOsvtX@mail.ru,CREATE,2024-09-19 12:15:14
qqGwUdmEMl@mail.ru,CREATE,2024-09-19 20:18:18
BLHFd@ya.ru,UPDATE,2024-09-19 07:54:26
vZtnzh@gmail.com,CREATE,2024-09-19 05:32:14
lHjcR@ya.ru,CREATE,2024-09-19 02:59:39
PyGtVF@gmail.com,UPDATE,2024-09-19 10:30:12
BLHFd@ya.ru,UPDATE,2024-09-19 05:11:04
ioFEDePcH@ya.ru,READ,2024-09-19 10:06:24
oAbIL@mail.ru,UPDATE,2024-09-19 02:37:06
PyGtVF@gmail.com,UPDATE,2024-09-19 16:31:10
zSfQCVUpMOsvtX@mail.ru,DELETE,2024-09-19 04:48:40
PyGtVF@gmail.com,CREATE,2024-09-19 14:08:24
BLHFd@ya.ru,CREATE,2024-09-19 11:37:08
zSfQCVUpMOsvtX@mail.ru,DELETE,2024-09-19 08:57:48
JQIQXiKY@ya.ru,UPDATE,2024-09-19 13:58:54
PyGtVF@gmail.com,CREATE,2024-09-19 07:39:32
zSfQCVUpMOsvtX@mail.ru,UPDATE,2024-09-19 13:20:36
vZtnzh@gmail.com,UPDATE,2024-09-19 02:27:21
lHjcR@ya.ru,READ,2024-09-19 11:29:14
ioFEDePcH@ya.ru,DELETE,2024-09-19 20:39:29
vZtnzh@gmail.com,CREATE,2024-09-19 19:09:18
JQIQXiKY@ya.ru,DELETE,2024-09-19 19:47:37
oAbIL@mail.ru,READ,2024-09-19 16:48:56
qqGwUdmEMl@mail.ru,CREATE,2024-09-19 05:41:08
qqGwUdmEMl@mail.ru,UPDATE,2024-09-19 07:12:58
ioFEDePcH@ya.ru,UPDATE,2024-09-19 17:04:14
vZtnzh@gmail.com,UPDATE,2024-09-19 21:40:17
JQIQXiKY@ya.ru,CREATE,2024-09-19 09:13:33
qqGwUdmEMl@mail.ru,DELETE,2024-09-19 16:44:31
qqGwUdmEMl@mail.ru,UPDATE,2024-09-19 23:46:30
lHjcR@ya.ru,DELETE,2024-09-19 12:29:50
BLHFd@ya.ru,CREATE,2024-09-19 00:36:28
qqGwUdmEMl@mail.ru,CREATE,2024-09-19 01:01:55
PyGtVF@gmail.com,READ,2024-09-19 18:42:17
oAbIL@mail.ru,UPDATE,2024-09-19 12:41:50
vqEZJHoXTQEn@gmail.com,CREATE,2024-09-19 05:16:53
JQIQXiKY@ya.ru,CREATE,2024-09-19 13:55:54
zSfQCVUpMOsvtX@mail.ru,READ,2024-09-19 11:07:17
PyGtVF@gmail.com,READ,2024-09-19 06:03:05
vZtnzh@gmail.com,UPDATE,2024-09-19 12:09:22
lHjcR@ya.ru,UPDATE,2024-09-19 15:56:07
vZtnzh@gmail.com,UPDATE,2024-09-19 22:50:25
PyGtVF@gmail.com,UPDATE,2024-09-19 16:07:25
PyGtVF@gmail.com,CREATE,2024-09-19 17:35:55
vZtnzh@gmail.com,CREATE,2024-09-19 07:07:16
vZtnzh@gmail.com,UPDATE,2024-09-19 01:04:10
qqGwUdmEMl@mail.ru,CREATE,2024-09-19 21:19:42
BLHFd@ya.ru,UPDATE,2024-09-19 01:37:54
PyGtVF@gmail.com,READ,2024-09-19 15:03:21
JQIQXiKY@ya.ru,UPDATE,2024-09-19 06:23:06
lHjcR@ya.ru,CREATE,2024-09-19 00:53:13
vZtnzh@gmail.com,CREATE,2024-09-19 06:43:01
PyGtVF@gmail.com,CREATE,2024-09-19 09:08:10
vZtnzh@gmail.com,DELETE,2024-09-19 06:50:32
oAbIL@mail.ru,UPDATE,2024-09-19 16:37:50
vqEZJHoXTQEn@gmail.com,READ,2024-09-19 21:14:00
JQIQXiKY@ya.ru,UPDATE,2024-09-19 12:20:09
PyGtVF@gmail.com,UPDATE,2024-09-19 11:35:08
vqEZJHoXTQEn@gmail.com,DELETE,2024-09-19 10:57:49
zSfQCVUpMOsvtX@mail.ru,UPDATE,2024-09-19 22:35:59
zSfQCVUpMOsvtX@mail.ru,READ,2024-09-19 17:47:22
JQIQXiKY@ya.ru,UPDATE,2024-09-19 06:10:00
qqGwUdmEMl@mail.ru,READ,2024-09-19 13:42:45
oAbIL@mail.ru,UPDATE,2024-09-19 04:33:33
lHjcR@ya.ru,READ,2024-09-19 06:33:18
ioFEDePcH@ya.ru,READ,2024-09-19 20:56:00
BLHFd@ya.ru,READ,2024-09-19 21:05:35
qqGwUdmEMl@mail.ru,READ,2024-09-19 18:02:56
vqEZJHoXTQEn@gmail.com,READ,2024-09-19 05:10:28
JQIQXiKY@ya.ru,DELETE,2024-09-19 21:39:22
PyGtVF@gmail.com,DELETE,2024-09-19 09:40:21
BLHFd@ya.ru,DELETE,2024-09-19 01:32:13
BLHFd@ya.ru,UPDATE,2024-09-19 21:37:50
vZtnzh@gmail.com,CREATE,2024-09-19 03:52:10
lHjcR@ya.ru,CREATE,2024-09-19 22:27:55
PyGtVF@gmail.com,CREATE,2024-09-19 23:01:55
zSfQCVUpMOsvtX@mail.ru,READ,2024-09-19 14:30:49
BLHFd@ya.ru,UPDATE,2024-09-19 13:33:31
ioFEDePcH@ya.ru,DELETE,2024-09-19 21:58:43
vZtnzh@gmail.com,READ,2024-09-19 09:42:28
lHjcR@ya.ru,READ,2024-09-19 20:12:39
qqGwUdmEMl@mail.ru,DELETE,2024-09-19 17:22:10
vqEZJHoXTQEn@gmail.com,DELETE,2024-09-19 01:17:10
zSfQCVUpMOsvtX@mail.ru,READ,2024-09-19 18:57:42
oAbIL@mail.ru,READ,2024-09-19 17:34:11
vqEZJHoXTQEn@gmail.com,DELETE,2024-09-19 17:34:42
lHjcR@ya.ru,UPDATE,2024-09-19 05:09:15
PyGtVF@gmail.com,UPDATE,2024-09-19 16:21:49
PyGtVF@gmail.com,UPDATE,2024-09-19 14:40:12
ioFEDePcH@ya.ru,CREATE,2024-09-19 20:37:20
PyGtVF@gmail.com,UPDATE,2024-09-19 13:17:26
vZtnzh@gmail.com,UPDATE,2024-09-19 13:29:28
BLHFd@ya.ru,CREATE,2024-09-19 15:15:06
vZtnzh@gmail.com,UPDATE,2024-09-19 17:09:09
BLHFd@ya.ru,READ,2024-09-19 03:38:02
vqEZJHoXTQEn@gmail.com,UPDATE,2024-09-19 16:02:06
zSfQCVUpMOsvtX@mail.ru,UPDATE,2024-09-19 20:25:32
ioFEDePcH@ya.ru,READ,2024-09-19 10:48:27
zSfQCVUpMOsvtX@mail.ru,CREATE,2024-09-19 19:33:07
BLHFd@ya.ru,CREATE,2024-09-19 23:00:03
qqGwUdmEMl@mail.ru,CREATE,2024-09-19 09:09:28
PyGtVF@gmail.com,DELETE,2024-09-19 08:45:11
vqEZJHoXTQEn@gmail.com,DELETE,2024-09-19 06:42:22
PyGtVF@gmail.com,CREATE,2024-09-19 00:38:08
ioFEDePcH@ya.ru,UPDATE,2024-09-19 05:46:37
oAbIL@mail.ru,CREATE,2024-09-19 11:37:03
BLHFd@ya.ru,DELETE,2024-09-19 00:26:23
ioFEDePcH@ya.ru,READ,2024-09-19 04:31:51
BLHFd@ya.ru,READ,2024-09-19 03:27:26
lHjcR@ya.ru,CREATE,2024-09-19 17:39:02
JQIQXiKY@ya.ru,DELETE,2024-09-19 07:32:34
PyGtVF@gmail.com,READ,2024-09-19 15:01:31
lHjcR@ya.ru,UPDATE,2024-09-19 05:35:48
ioFEDePcH@ya.ru,DELETE,2024-09-19 16:21:53
vZtnzh@gmail.com,DELETE,2024-09-19 01:42:45
BLHFd@ya.ru,READ,2024-09-19 07:10:50
vZtnzh@gmail.com,UPDATE,2024-09-19 21:29:48
oAbIL@mail.ru,CREATE,2024-09-19 11:14:13